-- phpMyAdmin SQL Dump
-- version 5.1.1
-- https://www.phpmyadmin.net/
--
-- Host: 127.0.0.1:3306
-- Generation Time: Jan 12, 2023 at 06:48 PM
-- Server version: 10.6.10-MariaDB-cll-lve
-- PHP Version: 7.2.34

SET SQL_MODE = "NO_AUTO_VALUE_ON_ZERO";
START TRANSACTION;
SET time_zone = "+00:00";


/*!40101 SET @OLD_CHARACTER_SET_CLIENT=@@CHARACTER_SET_CLIENT */;
/*!40101 SET @OLD_CHARACTER_SET_RESULTS=@@CHARACTER_SET_RESULTS */;
/*!40101 SET @OLD_COLLATION_CONNECTION=@@COLLATION_CONNECTION */;
/*!40101 SET NAMES utf8mb4 */;

--
-- Database: `u600005362_gold`
--

-- --------------------------------------------------------

--
-- Table structure for table `branches`
--

CREATE TABLE `branches` (
  `id` int(11) NOT NULL,
  `branch_name` varchar(255) NOT NULL,
  `branch_phone` varchar(255) DEFAULT NULL,
  `branch_address` varchar(255) DEFAULT NULL,
  `commercial_record` varchar(255) NOT NULL,
  `license_number` varchar(255) NOT NULL,
  `snap` varchar(255) NOT NULL,
  `created_at` timestamp NOT NULL DEFAULT current_timestamp(),
  `updated_at` timestamp NOT NULL DEFAULT current_timestamp()
) ENGINE=InnoDB DEFAULT CHARSET=utf8mb4;

--
-- Dumping data for table `branches`
--

INSERT INTO `branches` (`id`, `branch_name`, `branch_phone`, `branch_address`, `commercial_record`, `license_number`, `snap`, `created_at`, `updated_at`) VALUES
(1, 'فرع العقاب  ( 1 )', '0554149911', 'القصيم - بريدة - سوق الذهب - شارع الملك فيصل', '1131323101', '11\\11310302', 'ALOQABGOLD', '2022-11-18 00:51:49', '2023-01-01 18:21:44'),
(2, 'فرع العقاب   ( 2 )', '0163235047', 'القصيم - بريدة - سوق الذهب - قبة رشيد', '1131056240', '11/11310302', 'AlOQAB1', '2022-12-01 23:54:48', '2023-01-01 18:22:06');

-- --------------------------------------------------------

--
-- Table structure for table `employees`
--

CREATE TABLE `employees` (
  `id` int(11) NOT NULL,
  `branch_id` int(11) NOT NULL,
  `name` varchar(255) NOT NULL,
  `created_at` timestamp NOT NULL DEFAULT current_timestamp(),
  `updated_at` timestamp NOT NULL DEFAULT current_timestamp()
) ENGINE=InnoDB DEFAULT CHARSET=utf8mb4;

--
-- Dumping data for table `employees`
--

INSERT INTO `employees` (`id`, `branch_id`, `name`, `created_at`, `updated_at`) VALUES
(5, 2, 'يوسف', '2023-01-01 13:47:42', '2023-01-01 13:47:42'),
(6, 2, 'عبدالعزيز', '2023-01-01 13:47:51', '2023-01-01 13:47:51'),
(7, 2, 'بدر', '2023-01-01 13:48:02', '2023-01-01 13:48:35'),
(8, 2, 'علي', '2023-01-01 13:48:10', '2023-01-01 13:48:43'),
(9, 1, 'سليمان', '2023-01-01 18:12:59', '2023-01-01 18:12:59'),
(10, 1, 'راكان', '2023-01-01 18:13:39', '2023-01-01 18:13:39'),
(11, 1, 'ابورشيد', '2023-01-01 18:13:51', '2023-01-01 18:13:51'),
(12, 1, 'فهد', '2023-01-01 18:14:54', '2023-01-01 18:14:54'),
(13, 1, 'منصور', '2023-01-01 18:15:05', '2023-01-01 18:15:05'),
(14, 1, 'مروان', '2023-01-01 18:15:13', '2023-01-01 18:15:13'),
(15, 1, 'بندر', '2023-01-01 18:15:23', '2023-01-01 18:15:23'),
(16, 1, 'العقاب الداخلي', '2023-01-08 17:15:54', '2023-01-08 17:15:54'),
(17, 1, 'سبيشل قولد', '2023-01-08 17:16:36', '2023-01-08 17:16:36'),
(18, 1, 'حلي العقاب', '2023-01-08 17:17:05', '2023-01-08 17:17:05'),
(19, 1, 'لمسه', '2023-01-08 17:17:28', '2023-01-08 17:17:28'),
(20, 1, 'الصعب ريان', '2023-01-08 17:17:44', '2023-01-08 17:17:44'),
(21, 1, 'فيصل العقاب', '2023-01-10 16:36:48', '2023-01-10 16:36:48');

-- --------------------------------------------------------

--
-- Table structure for table `expenses`
--

CREATE TABLE `expenses` (
  `id` int(11) NOT NULL,
  `branch_id` int(11) NOT NULL,
  `supervisor_id` bigint(20) UNSIGNED NOT NULL,
  `fixed_id` int(11) NOT NULL,
  `unified_serial_number` varchar(255) NOT NULL,
  `date` date NOT NULL,
  `expense_details` varchar(255) NOT NULL,
  `amount` varchar(255) NOT NULL,
  `expense_pic` text NOT NULL,
  `notes` text DEFAULT NULL,
  `created_at` timestamp NOT NULL DEFAULT current_timestamp(),
  `updated_at` timestamp NOT NULL DEFAULT current_timestamp()
) ENGINE=InnoDB DEFAULT CHARSET=utf8mb4;

--
-- Dumping data for table `expenses`
--

INSERT INTO `expenses` (`id`, `branch_id`, `supervisor_id`, `fixed_id`, `unified_serial_number`, `date`, `expense_details`, `amount`, `expense_pic`, `notes`, `created_at`, `updated_at`) VALUES
(2, 1, 1, 2, '1', '2022-11-30', 'راتب ابراهيم شهر نوفمبر 2022', '2500', 'uploads/expenses/2/maxresdefault.jpg', 'راتب كامل', '2022-12-03 04:13:09', '2022-12-03 04:13:09'),
(3, 1, 1, 2, '2', '2023-01-11', '1', '3', 'uploads/expenses/3/1.jpg', '1', '2023-01-11 19:46:18', '2023-01-11 19:46:18');

-- --------------------------------------------------------

--
-- Table structure for table `fixed_expenses`
--

CREATE TABLE `fixed_expenses` (
  `id` int(11) NOT NULL,
  `supervisor_id` bigint(20) UNSIGNED NOT NULL,
  `fixed_expense` varchar(255) NOT NULL,
  `created_at` timestamp NOT NULL DEFAULT current_timestamp(),
  `updated_at` timestamp NOT NULL DEFAULT current_timestamp()
) ENGINE=InnoDB DEFAULT CHARSET=utf8mb4;

--
-- Dumping data for table `fixed_expenses`
--

INSERT INTO `fixed_expenses` (`id`, `supervisor_id`, `fixed_expense`, `created_at`, `updated_at`) VALUES
(1, 1, 'ايجارات 2', '2022-12-03 03:38:50', '2022-12-03 03:40:45'),
(2, 1, 'رواتب', '2022-12-03 03:39:22', '2022-12-03 03:39:22'),
(3, 1, 'اجور مصنعية', '2023-01-11 18:57:39', '2023-01-11 18:57:39');

-- --------------------------------------------------------

--
-- Table structure for table `model_has_permissions`
--

CREATE TABLE `model_has_permissions` (
  `permission_id` bigint(20) UNSIGNED NOT NULL,
  `model_type` varchar(255) COLLATE utf8mb4_unicode_ci NOT NULL,
  `model_id` bigint(20) UNSIGNED NOT NULL
) ENGINE=InnoDB DEFAULT CHARSET=utf8mb4 COLLATE=utf8mb4_unicode_ci;

-- --------------------------------------------------------

--
-- Table structure for table `model_has_roles`
--

CREATE TABLE `model_has_roles` (
  `role_id` bigint(20) UNSIGNED NOT NULL,
  `model_type` varchar(255) COLLATE utf8mb4_unicode_ci NOT NULL,
  `model_id` bigint(20) UNSIGNED NOT NULL
) ENGINE=InnoDB DEFAULT CHARSET=utf8mb4 COLLATE=utf8mb4_unicode_ci;

--
-- Dumping data for table `model_has_roles`
--

INSERT INTO `model_has_roles` (`role_id`, `model_type`, `model_id`) VALUES
(1, 'App\\Models\\Supervisor', 1),
(2, 'App\\Models\\Supervisor', 10),
(2, 'App\\Models\\Supervisor', 12),
(3, 'App\\Models\\Supervisor', 11),
(3, 'App\\Models\\Supervisor', 13);

-- --------------------------------------------------------

--
-- Table structure for table `permissions`
--

CREATE TABLE `permissions` (
  `id` bigint(20) UNSIGNED NOT NULL,
  `name` varchar(255) COLLATE utf8mb4_unicode_ci NOT NULL,
  `key` varchar(255) COLLATE utf8mb4_unicode_ci NOT NULL,
  `guard_name` varchar(255) COLLATE utf8mb4_unicode_ci NOT NULL,
  `created_at` timestamp NULL DEFAULT current_timestamp(),
  `updated_at` timestamp NULL DEFAULT current_timestamp()
) ENGINE=InnoDB DEFAULT CHARSET=utf8mb4 COLLATE=utf8mb4_unicode_ci;

--
-- Dumping data for table `permissions`
--

INSERT INTO `permissions` (`id`, `name`, `key`, `guard_name`, `created_at`, `updated_at`) VALUES
(1, 'اضافة مستخدم', 'supervisor', 'supervisor-web', '2022-03-04 14:29:42', '2022-03-04 14:29:42'),
(2, 'عرض مستخدم', 'supervisor', 'supervisor-web', '2022-03-04 14:29:42', '2022-03-04 14:29:42'),
(3, 'تعديل مستخدم', 'supervisor', 'supervisor-web', '2022-03-04 14:29:42', '2022-03-04 14:29:42'),
(4, 'حذف مستخدم', 'supervisor', 'supervisor-web', '2022-03-04 14:29:42', '2022-03-04 14:29:42'),
(5, 'اضافة صلاحية', 'privilege', 'supervisor-web', '2022-03-04 14:29:42', '2022-03-04 14:29:42'),
(6, 'عرض صلاحية', 'privilege', 'supervisor-web', '2022-03-04 14:29:42', '2022-03-04 14:29:42'),
(7, 'تعديل صلاحية', 'privilege', 'supervisor-web', '2022-03-04 14:29:42', '2022-03-04 14:29:42'),
(8, 'حذف صلاحية', 'privilege', 'supervisor-web', '2022-03-04 14:29:42', '2022-03-04 14:29:42'),
(9, 'اضافة فرع', 'branch', 'supervisor-web', '2022-03-04 14:29:42', '2022-03-04 14:29:42'),
(10, 'عرض فرع', 'branch', 'supervisor-web', '2022-03-04 14:29:42', '2022-03-04 14:29:42'),
(11, 'تعديل فرع', 'branch', 'supervisor-web', '2022-03-04 14:29:42', '2022-03-04 14:29:42'),
(12, 'حذف فرع', 'branch', 'supervisor-web', '2022-03-04 14:29:42', '2022-03-04 14:29:42'),
(13, 'اضافة صنف', 'product', 'supervisor-web', '2022-03-04 14:29:42', '2022-03-04 14:29:42'),
(14, 'عرض صنف', 'product', 'supervisor-web', '2022-03-04 14:29:42', '2022-03-04 14:29:42'),
(15, 'تعديل صنف', 'product', 'supervisor-web', '2022-03-04 14:29:42', '2022-03-04 14:29:42'),
(16, 'حذف صنف', 'product', 'supervisor-web', '2022-03-04 14:29:42', '2022-03-04 14:29:42'),
(17, 'اضافة فاتورة مبسطة', 'simplified', 'supervisor-web', '2022-03-04 14:29:42', '2022-03-04 14:29:42'),
(18, 'عرض فاتورة مبسطة', 'simplified', 'supervisor-web', '2022-03-04 14:29:42', '2022-03-04 14:29:42'),
(19, 'اضافة فاتورة ضريبية', 'tax', 'supervisor-web', '2022-03-04 14:29:42', '2022-03-04 14:29:42'),
(20, 'عرض فاتورة ضريبية', 'tax', 'supervisor-web', '2022-03-04 14:29:42', '2022-03-04 14:29:42'),
(21, 'اضافة فاتورة مشتريات', 'purchase', 'supervisor-web', '2022-03-04 14:29:42', '2022-03-04 14:29:42'),
(22, 'عرض فاتورة مشتريات', 'purchase', 'supervisor-web', '2022-03-04 14:29:42', '2022-03-04 14:29:42'),
(23, 'تعديل فاتورة مشتريات', 'purchase', 'supervisor-web', '2022-03-04 14:29:42', '2022-03-04 14:29:42'),
(24, 'اضافة مرتجع فاتورة مبسطة', 'simplified_return', 'supervisor-web', '2022-11-29 16:42:27', '2022-11-29 16:42:27'),
(25, 'عرض مرتجع فاتورة مبسطة', 'simplified_return', 'supervisor-web', '2022-11-29 16:42:27', '2022-11-29 16:42:27'),
(26, 'اضافة مرتجع فاتورة ضريبية', 'tax_return', 'supervisor-web', '2022-11-29 16:42:27', '2022-11-29 16:42:27'),
(27, 'عرض مرتجع فاتورة ضريبية', 'tax_return', 'supervisor-web', '2022-11-29 16:42:27', '2022-11-29 16:42:27'),
(28, 'اضافة موظف', 'employee', 'supervisor-web', '2022-03-04 14:29:42', '2022-03-04 14:29:42'),
(29, 'عرض موظف', 'employee', 'supervisor-web', '2022-03-04 14:29:42', '2022-03-04 14:29:42'),
(30, 'تعديل موظف', 'employee', 'supervisor-web', '2022-03-04 14:29:42', '2022-03-04 14:29:42'),
(31, 'حذف موظف', 'employee', 'supervisor-web', '2022-03-04 14:29:42', '2022-03-04 14:29:42'),
(32, 'تعديل فاتورة مبسطة', 'simplified', 'supervisor-web', '2022-12-02 14:27:54', '2022-12-02 14:27:54'),
(33, 'تعديل فاتورة ضريبية', 'tax', 'supervisor-web', '2022-12-02 14:27:54', '2022-12-02 14:27:54'),
(34, 'اضافة مصروف ثابت', 'fixed', 'supervisor-web', '2022-03-04 14:29:42', '2022-03-04 14:29:42'),
(35, 'عرض مصروف ثابت', 'fixed', 'supervisor-web', '2022-03-04 14:29:42', '2022-03-04 14:29:42'),
(36, 'تعديل مصروف ثابت', 'fixed', 'supervisor-web', '2022-03-04 14:29:42', '2022-03-04 14:29:42'),
(37, 'حذف مصروف ثابت', 'fixed', 'supervisor-web', '2022-03-04 14:29:42', '2022-03-04 14:29:42'),
(38, 'اضافة مصروف', 'expense', 'supervisor-web', '2022-03-04 14:29:42', '2022-03-04 14:29:42'),
(39, 'عرض مصروف', 'expense', 'supervisor-web', '2022-03-04 14:29:42', '2022-03-04 14:29:42'),
(40, 'تعديل مصروف', 'expense', 'supervisor-web', '2022-03-04 14:29:42', '2022-03-04 14:29:42'),
(41, 'حذف مصروف', 'expense', 'supervisor-web', '2022-03-04 14:29:42', '2022-03-04 14:29:42'),
(42, 'التقارير', 'reports', 'supervisor-web', '2022-03-04 14:29:42', '2022-03-04 14:29:42');

-- --------------------------------------------------------

--
-- Table structure for table `products`
--

CREATE TABLE `products` (
  `id` int(11) NOT NULL,
  `product_name` varchar(255) NOT NULL,
  `tax` int(2) NOT NULL DEFAULT 15,
  `created_at` timestamp NOT NULL DEFAULT current_timestamp(),
  `updated_at` timestamp NOT NULL DEFAULT current_timestamp()
) ENGINE=InnoDB DEFAULT CHARSET=utf8mb4;

--
-- Dumping data for table `products`
--

INSERT INTO `products` (`id`, `product_name`, `tax`, `created_at`, `updated_at`) VALUES
(1, 'غوايش', 15, '2022-11-18 01:40:44', '2022-11-18 01:40:44'),
(2, 'طقم', 15, '2022-11-20 23:33:51', '2022-11-20 23:33:51'),
(3, 'طقم تفريد', 15, '2022-11-20 23:33:57', '2022-11-20 23:33:57'),
(4, 'نصف طقم', 15, '2022-11-20 23:34:20', '2022-11-20 23:34:20'),
(5, 'أسوارة', 15, '2022-11-20 23:34:29', '2022-11-20 23:34:29'),
(6, 'سبحة', 15, '2022-11-20 22:36:16', '2022-11-20 22:36:16'),
(7, 'دلعة', 15, '2022-11-20 22:36:16', '2022-11-20 22:36:16'),
(8, 'حلق', 15, '2022-11-20 22:36:16', '2022-11-20 22:36:16'),
(9, 'سلسال', 15, '2022-11-20 22:36:16', '2022-11-20 22:36:16'),
(10, 'تعليقة', 15, '2022-11-20 22:36:16', '2022-11-20 22:36:16'),
(11, 'خاتم', 15, '2022-11-20 22:36:16', '2022-11-20 22:36:16'),
(12, 'دبلة', 15, '2022-11-20 22:36:16', '2022-11-20 22:36:16'),
(13, 'تشكيلة ذهب', 15, '2022-11-20 22:36:16', '2022-11-20 22:36:16'),
(14, 'جهاز عروس', 15, '2022-11-20 22:36:16', '2022-11-20 22:36:16'),
(15, 'سبايك', 0, '2022-11-20 22:36:16', '2022-11-20 22:36:16');

-- --------------------------------------------------------

--
-- Table structure for table `purchases_invoices`
--

CREATE TABLE `purchases_invoices` (
  `id` int(11) NOT NULL,
  `invoice_number` varchar(255) NOT NULL,
  `date` date NOT NULL,
  `branch_id` int(11) DEFAULT NULL,
  `supervisor_id` bigint(20) UNSIGNED NOT NULL,
  `employee_id` int(11) NOT NULL,
  `tax_total` float NOT NULL,
  `final_total` float NOT NULL,
  `attachment` text NOT NULL,
  `created_at` timestamp NOT NULL DEFAULT current_timestamp(),
  `updated_at` timestamp NOT NULL DEFAULT current_timestamp()
) ENGINE=InnoDB DEFAULT CHARSET=utf8mb4;

-- --------------------------------------------------------

--
-- Table structure for table `roles`
--

CREATE TABLE `roles` (
  `id` bigint(20) UNSIGNED NOT NULL,
  `name` varchar(255) COLLATE utf8mb4_unicode_ci NOT NULL,
  `guard_name` varchar(255) COLLATE utf8mb4_unicode_ci NOT NULL,
  `created_at` timestamp NULL DEFAULT NULL,
  `updated_at` timestamp NULL DEFAULT NULL
) ENGINE=InnoDB DEFAULT CHARSET=utf8mb4 COLLATE=utf8mb4_unicode_ci;

--
-- Dumping data for table `roles`
--

INSERT INTO `roles` (`id`, `name`, `guard_name`, `created_at`, `updated_at`) VALUES
(1, 'مدير النظام', 'supervisor-web', '2021-08-23 01:40:49', '2021-08-23 01:40:49'),
(2, 'مدير فرع', 'supervisor-web', '2022-11-18 04:02:02', '2022-11-18 04:02:02'),
(3, 'موظف فرع', 'supervisor-web', '2023-01-01 16:58:31', '2023-01-01 16:58:31');

-- --------------------------------------------------------

--
-- Table structure for table `role_has_permissions`
--

CREATE TABLE `role_has_permissions` (
  `permission_id` bigint(20) UNSIGNED NOT NULL,
  `role_id` bigint(20) UNSIGNED NOT NULL
) ENGINE=InnoDB DEFAULT CHARSET=utf8mb4 COLLATE=utf8mb4_unicode_ci;

--
-- Dumping data for table `role_has_permissions`
--

INSERT INTO `role_has_permissions` (`permission_id`, `role_id`) VALUES
(1, 1),
(2, 1),
(3, 1),
(4, 1),
(5, 1),
(6, 1),
(7, 1),
(8, 1),
(9, 1),
(10, 1),
(11, 1),
(12, 1),
(13, 1),
(14, 1),
(15, 1),
(16, 1),
(17, 1),
(17, 2),
(17, 3),
(18, 1),
(18, 2),
(18, 3),
(19, 1),
(19, 2),
(19, 3),
(20, 1),
(20, 2),
(20, 3),
(21, 1),
(21, 2),
(21, 3),
(22, 1),
(22, 2),
(22, 3),
(23, 1),
(24, 1),
(24, 2),
(25, 1),
(25, 2),
(26, 1),
(26, 2),
(27, 1),
(27, 2),
(28, 1),
(28, 2),
(29, 1),
(29, 2),
(29, 3),
(30, 1),
(30, 2),
(31, 1),
(31, 2),
(32, 1),
(33, 1),
(34, 1),
(34, 2),
(34, 3),
(35, 1),
(35, 2),
(35, 3),
(36, 1),
(36, 2),
(37, 1),
(37, 2),
(38, 1),
(38, 2),
(38, 3),
(39, 1),
(39, 2),
(39, 3),
(40, 1),
(40, 2),
(41, 1),
(41, 2),
(42, 1),
(42, 2);

-- --------------------------------------------------------

--
-- Table structure for table `simplcode`
--

CREATE TABLE `simplcode` (
  `id` int(11) NOT NULL,
  `SimplCode` int(1) NOT NULL DEFAULT 1
) ENGINE=InnoDB DEFAULT CHARSET=utf8mb4;

--
-- Dumping data for table `simplcode`
--

INSERT INTO `simplcode` (`id`, `SimplCode`) VALUES
(1, 0);

-- --------------------------------------------------------

--
-- Table structure for table `simplified_invoices`
--

CREATE TABLE `simplified_invoices` (
  `id` int(11) NOT NULL,
  `unified_serial_number` int(11) NOT NULL,
  `date` date NOT NULL,
  `time` time NOT NULL,
  `payment_method` varchar(255) NOT NULL,
  `cash_amount` float DEFAULT NULL,
  `visa_amount` float DEFAULT NULL,
  `branch_id` int(11) DEFAULT NULL,
  `supervisor_id` bigint(20) UNSIGNED NOT NULL,
  `employee_id` int(11) NOT NULL,
  `total_count` float DEFAULT NULL,
  `total_weight` float DEFAULT NULL,
  `gram_total_price` float DEFAULT NULL,
  `amount_total` float DEFAULT NULL,
  `tax_total` float DEFAULT NULL,
  `final_total` float DEFAULT NULL,
  `status` varchar(255) NOT NULL DEFAULT 'open',
  `created_at` timestamp NOT NULL DEFAULT current_timestamp()
) ENGINE=InnoDB DEFAULT CHARSET=utf8mb4;

--
-- Dumping data for table `simplified_invoices`
--

INSERT INTO `simplified_invoices` (`id`, `unified_serial_number`, `date`, `time`, `payment_method`, `cash_amount`, `visa_amount`, `branch_id`, `supervisor_id`, `employee_id`, `total_count`, `total_weight`, `gram_total_price`, `amount_total`, `tax_total`, `final_total`, `status`, `created_at`) VALUES
(3, 1, '2023-01-01', '16:55:35', 'cash', 120, NULL, 2, 10, 5, 1, 0.4, 260.88, 104.35, 15.65, 120, 'done', '2023-01-01 16:55:52'),
(5, 2, '2023-01-01', '18:27:58', 'visa', NULL, 170, 2, 11, 5, 1, 0.5, 295.66, 147.83, 22.17, 170, 'done', '2023-01-01 18:28:13'),
(8, 3, '2023-01-01', '18:43:57', 'visa', NULL, 700, 2, 11, 7, 1, 2.75, 221.35, 608.7, 91.31, 700, 'done', '2023-01-01 18:44:32'),
(9, 4, '2023-01-01', '18:58:26', 'visa', NULL, 1590, 2, 11, 6, 1, 6.6, 209.49, 1382.61, 207.39, 1590, 'done', '2023-01-01 18:58:55'),
(10, 5, '2023-01-01', '19:51:29', 'visa', NULL, 220, 2, 11, 8, 1, 0.7, 273.29, 191.3, 28.7, 220, 'done', '2023-01-01 19:52:08'),
(11, 6, '2023-01-01', '20:04:25', 'visa', NULL, 3000, 2, 11, 6, 1, 11.08, 235.44, 2608.7, 391.31, 3000, 'done', '2023-01-01 20:04:57'),
(12, 7, '2023-01-03', '16:11:38', 'visa', NULL, 2190, 2, 11, 7, 1, 8.56, 222.47, 1904.35, 285.65, 2190, 'done', '2023-01-03 16:12:26'),
(13, 8, '2023-01-03', '17:07:48', 'cash', 140, NULL, 1, 13, 9, 1, 0.3, 405.8, 121.74, 18.26, 140, 'done', '2023-01-03 17:08:14'),
(15, 9, '2023-01-03', '17:15:43', 'visa', NULL, 4800, 2, 11, 8, 3, 18.5, 225.62, 4173.91, 626.09, 4800, 'done', '2023-01-03 17:16:12'),
(16, 10, '2023-01-03', '17:17:14', 'cash', 130, NULL, 1, 13, 11, 1, 0.4, 282.6, 113.04, 16.96, 130, 'done', '2023-01-03 17:18:06'),
(17, 11, '2023-01-03', '17:24:29', 'cash', 80, NULL, 1, 13, 15, 1, 0.4, 173.93, 69.57, 10.44, 80, 'done', '2023-01-03 17:26:33'),
(18, 12, '2023-01-03', '18:04:59', 'visa', NULL, 500, 2, 11, 6, 1, 2, 217.39, 434.78, 65.22, 500, 'done', '2023-01-03 18:05:24'),
(19, 13, '2023-01-03', '19:19:07', 'visa', NULL, 1080, 2, 11, 6, 1, 4.27, 219.94, 939.13, 140.87, 1080, 'done', '2023-01-03 19:19:40'),
(20, 14, '2023-01-04', '09:33:04', 'cash', 300, NULL, 1, 13, 10, 1, 1.1, 237.15, 260.87, 39.13, 300, 'done', '2023-01-04 09:33:36'),
(21, 15, '2023-01-04', '10:03:59', 'cash', 1200, NULL, 2, 11, 8, 1, 4.8, 217.39, 1043.48, 156.52, 1200, 'done', '2023-01-04 10:04:27'),
(22, 16, '2023-01-04', '11:34:42', 'cash', 380, NULL, 1, 13, 11, 1, 1.8, 183.57, 330.43, 49.56, 380, 'done', '2023-01-04 11:35:21'),
(23, 17, '2023-01-04', '15:56:03', 'visa', NULL, 820, 1, 13, 15, 1, 2.9, 245.88, 713.04, 106.96, 820, 'done', '2023-01-04 15:57:06'),
(24, 18, '2023-01-04', '16:14:59', 'visa', NULL, 9000, 1, 13, 13, 3, 36.9, 212.09, 7826.09, 1173.91, 9000, 'done', '2023-01-04 16:15:47'),
(25, 19, '2023-01-04', '18:19:38', 'cash', 25225, NULL, 1, 13, 13, 1, 121.2, 180.98, 21934.8, 3290.22, 25225, 'return', '2023-01-04 18:20:16'),
(27, 20, '2023-01-04', '19:29:09', 'cash', 7500, NULL, 1, 13, 15, 1, 29.2, 223.35, 6521.74, 978.26, 7500, 'done', '2023-01-04 19:29:35'),
(28, 21, '2023-01-04', '19:30:18', 'cash', 1500, NULL, 1, 13, 11, 1, 6.6, 197.63, 1304.35, 195.65, 1500, 'done', '2023-01-04 19:30:33'),
(29, 22, '2023-01-04', '20:02:34', 'cash', 1750, NULL, 1, 13, 9, 1, 7, 217.39, 1521.74, 228.26, 1750, 'done', '2023-01-04 20:03:02'),
(32, 24, '2023-01-04', '20:40:44', 'cash', 1700, NULL, 1, 13, 13, 1, 6.46, 228.83, 1478.26, 221.74, 1700, 'done', '2023-01-04 20:41:32'),
(33, 25, '2023-01-04', '20:43:44', 'cash', 280, NULL, 2, 11, 6, 1, 0.8, 304.35, 243.48, 36.52, 280, 'done', '2023-01-04 20:44:31'),
(34, 26, '2023-01-04', '20:52:52', 'visa', NULL, 2100, 2, 11, 7, 1, 8.3, 220.01, 1826.09, 273.91, 2100, 'done', '2023-01-04 20:53:35'),
(35, 27, '2023-01-04', '20:54:28', 'cash', 500, NULL, 2, 11, 6, 1, 2, 217.39, 434.78, 65.22, 500, 'done', '2023-01-04 20:54:41'),
(36, 28, '2023-01-04', '20:56:48', 'cash', 5000, NULL, 1, 13, 14, 1, 18.7, 232.5, 4347.83, 652.17, 5000, 'done', '2023-01-04 20:57:23'),
(39, 29, '2023-01-05', '10:44:26', 'cash', 480, NULL, 2, 11, 7, 1, 1.9, 219.68, 417.39, 62.61, 480, 'done', '2023-01-05 10:45:13'),
(40, 30, '2023-01-05', '15:41:21', 'visa', NULL, 1650, 1, 13, 14, 1, 6.16, 232.92, 1434.78, 215.22, 1650, 'done', '2023-01-05 15:41:56'),
(41, 31, '2023-01-05', '16:19:28', 'cash', 650, NULL, 1, 1, 9, 1, 2.5, 226.09, 565.22, 84.78, 650, 'done', '2023-01-05 16:19:59'),
(42, 32, '2023-01-05', '17:06:47', 'cash', 450, NULL, 1, 13, 15, 1, 1.67, 234.31, 391.3, 58.7, 450, 'done', '2023-01-05 17:07:29'),
(43, 33, '2023-01-05', '17:08:25', 'visa', NULL, 630, 1, 13, 12, 1, 2.4, 228.26, 547.83, 82.17, 630, 'done', '2023-01-05 17:08:57'),
(44, 34, '2023-01-05', '18:12:10', 'mixed', 380, 250, 1, 13, 12, 2, 2.2, 249.01, 547.82, 82.17, 630, 'done', '2023-01-05 18:12:47'),
(45, 35, '2023-01-05', '18:28:28', 'cash', 800, NULL, 1, 13, 15, 1, 2.87, 242.39, 695.65, 104.35, 800, 'done', '2023-01-05 18:28:57'),
(46, 36, '2023-01-05', '19:36:37', 'visa', NULL, 8000, 1, 13, 9, 3, 31.8, 218.76, 6956.52, 1043.48, 8000, 'done', '2023-01-05 19:37:25'),
(47, 37, '2023-01-05', '19:49:39', 'visa', NULL, 230, 1, 13, 9, 1, 0.7, 285.71, 200, 30, 230, 'done', '2023-01-05 19:50:25'),
(48, 38, '2023-01-05', '20:20:02', 'visa', NULL, 5200, 1, 13, 15, 3, 21, 215.32, 4521.74, 678.26, 5200, 'done', '2023-01-05 20:20:28'),
(49, 39, '2023-01-05', '20:35:31', 'visa', NULL, 1400, 1, 13, 9, 1, 5.5, 221.34, 1217.39, 182.61, 1400, 'done', '2023-01-05 20:36:26'),
(50, 40, '2023-01-05', '20:38:27', 'cash', 1330, NULL, 1, 13, 9, 1, 5.8, 199.4, 1156.52, 173.48, 1330, 'done', '2023-01-05 20:39:25'),
(51, 41, '2023-01-05', '20:48:09', 'visa', NULL, 390, 1, 13, 15, 1, 1.5, 226.09, 339.13, 50.87, 390, 'done', '2023-01-05 20:48:36'),
(52, 42, '2023-01-05', '20:55:48', 'cash', 2700, NULL, 1, 13, 14, 1, 11.1, 211.52, 2347.83, 352.17, 2700, 'return', '2023-01-05 20:56:23'),
(53, 43, '2023-01-06', '16:34:14', 'visa', NULL, 1000, 1, 13, 15, 2, 3.8, 228.83, 869.57, 130.44, 1000, 'done', '2023-01-06 16:34:44'),
(54, 44, '2023-01-06', '17:08:02', 'mixed', 5000, 1000, 1, 13, 12, 2, 23.8, 219.22, 5217.39, 782.61, 6000, 'done', '2023-01-06 17:08:32'),
(55, 45, '2023-01-06', '17:09:47', 'cash', 1700, NULL, 1, 13, 11, 1, 6.4, 230.98, 1478.26, 221.74, 1700, 'done', '2023-01-06 17:10:07'),
(56, 46, '2023-01-06', '17:12:20', 'cash', 650, NULL, 1, 13, 11, 1, 2.4, 235.51, 565.22, 84.78, 650, 'done', '2023-01-06 17:12:43'),
(57, 47, '2023-01-06', '18:17:24', 'cash', 410, NULL, 1, 13, 11, 1, 1.4, 254.66, 356.52, 53.48, 410, 'done', '2023-01-06 18:17:42'),
(58, 48, '2023-01-06', '18:18:26', 'cash', 1600, NULL, 1, 13, 12, 1, 5.66, 245.81, 1391.3, 208.7, 1600, 'done', '2023-01-06 18:18:56'),
(59, 49, '2023-01-06', '18:23:49', 'mixed', 3300, 1400, 1, 13, 9, 1, 18.7, 218.55, 4086.96, 613.04, 4700, 'done', '2023-01-06 18:24:17'),
(60, 50, '2023-01-06', '18:39:18', 'mixed', 4830, 2470, 1, 13, 15, 1, 28, 226.71, 6347.83, 952.17, 7300, 'done', '2023-01-06 18:40:00'),
(61, 51, '2023-01-06', '18:53:08', 'visa', NULL, 450, 1, 13, 15, 1, 1.8, 217.39, 391.3, 58.7, 450, 'done', '2023-01-06 18:53:36'),
(62, 52, '2023-01-06', '19:37:44', 'visa', NULL, 380, 1, 13, 11, 1, 1.4, 236.02, 330.43, 49.56, 380, 'done', '2023-01-06 19:38:10'),
(63, 53, '2023-01-06', '19:49:21', 'cash', 1080, NULL, 1, 13, 12, 1, 4.2, 223.6, 939.13, 140.87, 1080, 'done', '2023-01-06 19:49:43'),
(64, 54, '2023-01-06', '20:00:11', 'visa', NULL, 400, 1, 13, 11, 1, 1.48, 235.02, 347.83, 52.17, 400, 'done', '2023-01-06 20:00:30'),
(65, 55, '2023-01-06', '20:07:39', 'visa', NULL, 4000, 1, 13, 15, 2, 15.6, 222.97, 3478.26, 521.74, 4000, 'done', '2023-01-06 20:08:09'),
(66, 56, '2023-01-06', '20:09:03', 'cash', 930, NULL, 1, 13, 14, 2, 3.5, 231.05, 808.69, 121.31, 930, 'done', '2023-01-06 20:10:08'),
(67, 57, '2023-01-06', '20:11:26', 'mixed', 1160, 390, 1, 13, 14, 3, 5.62, 239.83, 1347.83, 202.17, 1550, 'done', '2023-01-06 20:12:38'),
(68, 58, '2023-01-06', '20:13:30', 'mixed', 5150, 1500, 1, 13, 14, 3, 25.7, 225, 5782.61, 867.39, 6650, 'done', '2023-01-06 20:13:54'),
(69, 59, '2023-01-07', '09:41:12', 'visa', NULL, 300, 2, 11, 6, 1, 1.2, 217.39, 260.87, 39.13, 300, 'done', '2023-01-07 09:42:07'),
(70, 60, '2023-01-07', '10:16:12', 'cash', 450, NULL, 1, 13, 15, 1, 1.5, 260.87, 391.3, 58.7, 450, 'done', '2023-01-07 10:16:35'),
(71, 61, '2023-01-07', '11:45:31', 'cash', 1620, NULL, 1, 13, 11, 1, 6.2, 227.21, 1408.7, 211.31, 1620, 'return', '2023-01-07 11:46:00'),
(72, 62, '2023-01-07', '12:10:10', 'visa', NULL, 13200, 1, 13, 15, 2, 48.72, 235.6, 11478.3, 1721.74, 13200, 'done', '2023-01-07 12:10:50'),
(73, 63, '2023-01-07', '15:57:48', 'cash', 1150, NULL, 1, 13, 11, 1, 4.3, 232.56, 1000, 150, 1150, 'done', '2023-01-07 15:58:05'),
(74, 64, '2023-01-07', '16:10:15', 'visa', NULL, 9600, 1, 13, 12, 1, 37.7, 221.43, 8347.83, 1252.17, 9600, 'done', '2023-01-07 16:11:10'),
(75, 65, '2023-01-07', '16:11:48', 'cash', 8450, NULL, 2, 11, 6, 3, 33.4, 219.99, 7347.83, 1102.17, 8450, 'done', '2023-01-07 16:12:15'),
(76, 66, '2023-01-07', '16:26:10', 'visa', NULL, 370, 1, 13, 10, 1, 1.3, 247.49, 321.74, 48.26, 370, 'done', '2023-01-07 16:26:36'),
(77, 67, '2023-01-07', '16:36:06', 'cash', 26725, NULL, 1, 13, 13, 1, 121.2, 191.74, 23239.1, 3485.87, 26725, 'done', '2023-01-07 16:37:56'),
(78, 68, '2023-01-07', '16:38:37', 'cash', 2800, NULL, 1, 13, 11, 1, 11.7, 208.1, 2434.78, 365.22, 2800, 'done', '2023-01-07 16:39:22'),
(79, 69, '2023-01-07', '16:45:16', 'cash', 1050, NULL, 1, 13, 15, 1, 3.8, 240.27, 913.04, 136.96, 1050, 'done', '2023-01-07 16:46:01'),
(80, 70, '2023-01-07', '16:51:23', 'visa', NULL, 3400, 2, 11, 5, 1, 12.8, 230.98, 2956.52, 443.48, 3400, 'done', '2023-01-07 16:51:50'),
(81, 71, '2023-01-07', '17:23:32', 'cash', 7150, NULL, 1, 13, 11, 1, 27.9, 222.85, 6217.39, 932.61, 7150, 'done', '2023-01-07 17:24:22'),
(82, 72, '2023-01-07', '17:24:50', 'mixed', 2950, 1750, 1, 13, 10, 1, 17.3, 236.24, 4086.96, 613.04, 4700, 'return', '2023-01-07 17:25:25'),
(83, 73, '2023-01-07', '17:27:07', 'visa', NULL, 1590, 1, 13, 12, 3, 5.8, 238.38, 1382.61, 207.39, 1590, 'done', '2023-01-07 17:27:33'),
(84, 74, '2023-01-07', '17:29:42', 'visa', NULL, 2180, 2, 11, 6, 2, 7.99, 237.25, 1895.65, 284.35, 2180, 'done', '2023-01-07 17:30:08'),
(85, 75, '2023-01-07', '18:12:04', 'mixed', 1000, 2500, 1, 13, 12, 1, 13.8, 220.54, 3043.48, 456.52, 3500, 'done', '2023-01-07 18:12:30'),
(86, 76, '2023-01-07', '18:21:13', 'cash', 340, NULL, 1, 13, 12, 1, 1.3, 227.42, 295.65, 44.35, 340, 'done', '2023-01-07 18:21:34'),
(87, 77, '2023-01-07', '19:01:23', 'visa', NULL, 580, 1, 13, 12, 1, 2.1, 240.17, 504.35, 75.65, 580, 'done', '2023-01-07 19:01:47'),
(88, 78, '2023-01-07', '19:03:11', 'cash', 800, NULL, 1, 13, 10, 1, 2.9, 239.88, 695.65, 104.35, 800, 'done', '2023-01-07 19:03:46'),
(89, 79, '2023-01-07', '20:17:52', 'cash', 430, NULL, 2, 11, 5, 1, 1.6, 233.69, 373.91, 56.09, 430, 'done', '2023-01-07 20:18:35'),
(90, 80, '2023-01-07', '20:19:53', 'cash', 4890, NULL, 1, 13, 15, 1, 18.5, 229.85, 4252.17, 637.83, 4890, 'done', '2023-01-07 20:20:24'),
(91, 81, '2023-01-07', '20:20:53', 'cash', 3600, NULL, 1, 13, 11, 1, 14.5, 215.89, 3130.43, 469.56, 3600, 'done', '2023-01-07 20:21:16'),
(92, 82, '2023-01-07', '20:24:06', 'visa', NULL, 10100, 1, 13, 10, 1, 37.8, 232.34, 8782.61, 1317.39, 10100, 'return', '2023-01-07 20:24:37'),
(93, 83, '2023-01-07', '20:24:50', 'cash', 2500, NULL, 1, 13, 15, 1, 9.8, 221.83, 2173.91, 326.09, 2500, 'done', '2023-01-07 20:25:33'),
(94, 84, '2023-01-07', '20:40:19', 'visa', NULL, 2500, 1, 13, 10, 1, 9.08, 239.42, 2173.91, 326.09, 2500, 'done', '2023-01-07 20:40:42'),
(95, 85, '2023-01-08', '09:56:19', 'cash', 1100, NULL, 1, 13, 12, 1, 4.32, 221.42, 956.52, 143.48, 1100, 'done', '2023-01-08 09:56:44'),
(96, 86, '2023-01-08', '10:13:46', 'cash', 4850, NULL, 1, 13, 11, 1, 18.6, 226.74, 4217.39, 632.61, 4850, 'done', '2023-01-08 10:14:30'),
(97, 87, '2023-01-08', '11:37:11', 'cash', 770, NULL, 1, 13, 15, 1, 2.8, 239.13, 669.57, 100.44, 770, 'done', '2023-01-08 11:37:37'),
(98, 88, '2023-01-08', '16:13:40', 'cash', 800, NULL, 1, 13, 12, 1, 3, 231.88, 695.65, 104.35, 800, 'return', '2023-01-08 16:14:05'),
(99, 89, '2023-01-08', '16:48:42', 'cash', 450, NULL, 2, 11, 7, 1, 1.6, 244.56, 391.3, 58.7, 450, 'done', '2023-01-08 16:48:59'),
(100, 90, '2023-01-08', '17:04:03', 'cash', 3000, NULL, 1, 13, 12, 2, 10.9, 239.33, 2608.7, 391.3, 3000, 'done', '2023-01-08 17:04:33'),
(101, 91, '2023-01-08', '17:29:41', 'visa', NULL, 15000, 2, 11, 5, 8, 57.77, 225.78, 13043.5, 1956.52, 15000, 'done', '2023-01-08 17:30:15'),
(103, 92, '2023-01-08', '18:46:32', 'mixed', 1000, 800, 2, 11, 5, 1, 7.4, 211.52, 1565.22, 234.78, 1800, 'done', '2023-01-08 18:47:04'),
(104, 93, '2023-01-08', '19:49:27', 'visa', NULL, 6700, 1, 13, 11, 1, 24.45, 238.29, 5826.09, 873.91, 6700, 'done', '2023-01-08 19:50:44'),
(105, 94, '2023-01-08', '20:21:14', 'cash', 12600, NULL, 1, 13, 11, 1, 54.5, 201.04, 10956.5, 1643.48, 12600, 'done', '2023-01-08 20:21:44'),
(106, 94, '2023-01-08', '20:21:40', 'visa', NULL, 3000, 2, 11, 8, 1, 10.97, 237.8, 2608.7, 391.31, 3000, 'done', '2023-01-08 20:23:00'),
(107, 95, '2023-01-08', '20:26:26', 'visa', NULL, 500, 2, 11, 8, 1, 1.8, 241.54, 434.78, 65.22, 500, 'done', '2023-01-08 20:26:55'),
(108, 96, '2023-01-08', '20:43:35', 'cash', 640, NULL, 1, 13, 15, 2, 2.22, 250.68, 556.52, 83.48, 640, 'done', '2023-01-08 20:45:11'),
(109, 96, '2023-01-08', '20:45:02', 'visa', NULL, 8750, 2, 11, 7, 1, 35.8, 212.53, 7608.7, 1141.31, 8750, 'done', '2023-01-08 20:45:30'),
(110, 97, '2023-01-08', '20:47:01', 'visa', NULL, 8500, 1, 13, 13, 1, 31.05, 238.05, 7391.3, 1108.7, 8500, 'done', '2023-01-08 20:47:40'),
(111, 98, '2023-01-09', '10:04:56', 'visa', NULL, 1750, 1, 13, 10, 0, 6.1, 249.47, 1521.74, 228.26, 1750, 'done', '2023-01-09 10:05:40'),
(112, 99, '2023-01-09', '15:46:24', 'visa', NULL, 850, 1, 13, 11, 1, 3.3, 223.98, 739.13, 110.87, 850, 'done', '2023-01-09 15:46:38'),
(113, 100, '2023-01-09', '16:09:59', 'cash', 2430, NULL, 2, 11, 5, 2, 9.53, 221.73, 2113.04, 316.96, 2430, 'done', '2023-01-09 16:10:15'),
(114, 101, '2023-01-09', '16:48:35', 'visa', NULL, 1400, 1, 13, 13, 1, 5.02, 242.51, 1217.39, 182.61, 1400, 'done', '2023-01-09 16:49:29'),
(115, 102, '2023-01-09', '16:55:19', 'visa', NULL, 1900, 2, 11, 8, 1, 7.7, 214.57, 1652.17, 247.83, 1900, 'done', '2023-01-09 16:56:21'),
(116, 103, '2023-01-09', '16:58:14', 'visa', NULL, 300, 2, 11, 7, 1, 1.1, 237.15, 260.87, 39.13, 300, 'done', '2023-01-09 16:58:53'),
(117, 104, '2023-01-09', '16:59:14', 'visa', NULL, 800, 2, 11, 7, 1, 3, 231.88, 695.65, 104.35, 800, 'done', '2023-01-09 16:59:31'),
(118, 105, '2023-01-09', '17:12:11', 'cash', 7200, NULL, 2, 11, 5, 3, 27.7, 226.02, 6260.87, 939.13, 7200, 'done', '2023-01-09 17:12:30'),
(119, 106, '2023-01-09', '18:27:02', 'visa', NULL, 1990, 1, 13, 15, 1, 7.55, 229.2, 1730.43, 259.56, 1990, 'done', '2023-01-09 18:27:50'),
(120, 107, '2023-01-09', '18:50:47', 'visa', NULL, 800, 2, 11, 7, 1, 3.1, 224.4, 695.65, 104.35, 800, 'done', '2023-01-09 18:51:22'),
(121, 108, '2023-01-09', '19:55:13', 'visa', NULL, 450, 1, 13, 13, 1, 1.6, 244.56, 391.3, 58.7, 450, 'done', '2023-01-09 19:55:54'),
(122, 109, '2023-01-09', '20:17:55', 'cash', 160, NULL, 1, 13, 15, 1, 0.5, 278.26, 139.13, 20.87, 160, 'done', '2023-01-09 20:18:25'),
(123, 110, '2023-01-09', '20:19:57', 'cash', 2450, NULL, 1, 13, 10, 1, 8.3, 256.68, 2130.43, 319.56, 2450, 'done', '2023-01-09 20:20:19'),
(124, 111, '2023-01-09', '20:23:41', 'cash', 400, NULL, 1, 13, 9, 1, 1.5, 231.89, 347.83, 52.17, 400, 'done', '2023-01-09 20:24:13'),
(125, 112, '2023-01-09', '20:28:27', 'cash', 1550, NULL, 1, 13, 15, 1, 7, 192.55, 1347.83, 202.17, 1550, 'done', '2023-01-09 20:29:16'),
(126, 113, '2023-01-09', '20:39:50', 'cash', 900, NULL, 1, 13, 9, 1, 3.6, 217.39, 782.61, 117.39, 900, 'done', '2023-01-09 20:40:15'),
(127, 114, '2023-01-09', '21:12:09', 'cash', 16000, NULL, 1, 13, 12, 1, 64.4, 216.04, 13913, 2086.96, 16000, 'done', '2023-01-09 21:12:57'),
(128, 115, '2023-01-10', '09:34:02', 'visa', NULL, 2870, 1, 13, 9, 1, 11.1, 224.83, 2495.65, 374.35, 2870, 'done', '2023-01-10 09:34:37'),
(129, 116, '2023-01-10', '10:52:29', 'cash', 3400, NULL, 1, 13, 12, 1, 13.9, 212.7, 2956.52, 443.48, 3400, 'done', '2023-01-10 10:52:51'),
(130, 117, '2023-01-10', '16:37:40', 'visa', NULL, 1700, 1, 13, 21, 1, 5.8, 254.87, 1478.26, 221.74, 1700, 'done', '2023-01-10 16:38:14'),
(131, 118, '2023-01-10', '17:12:54', 'cash', 7100, NULL, 1, 13, 15, 1, 28, 220.5, 6173.91, 926.09, 7100, 'return', '2023-01-10 17:13:23'),
(132, 119, '2023-01-10', '17:13:34', 'cash', 1150, NULL, 1, 13, 15, 1, 3.7, 270.27, 1000, 150, 1150, 'done', '2023-01-10 17:14:05'),
(133, 120, '2023-01-10', '17:14:38', 'cash', 4850, NULL, 1, 13, 15, 1, 18, 234.3, 4217.39, 632.61, 4850, 'done', '2023-01-10 17:15:07'),
(134, 121, '2023-01-10', '18:14:09', 'visa', NULL, 4300, 2, 11, 6, 1, 17.2, 217.39, 3739.13, 560.87, 4300, 'done', '2023-01-10 18:14:41'),
(135, 122, '2023-01-10', '18:47:17', 'cash', 120, NULL, 2, 11, 7, 1, 0.5, 208.7, 104.35, 15.65, 120, 'done', '2023-01-10 18:47:36'),
(136, 123, '2023-01-10', '19:02:34', 'cash', 500, NULL, 2, 11, 8, 1, 1.6, 271.74, 434.78, 65.22, 500, 'done', '2023-01-10 19:03:25'),
(137, 124, '2023-01-10', '19:46:39', 'visa', NULL, 28000, 1, 13, 12, 1, 105.8, 230.13, 24347.8, 3652.17, 28000, 'done', '2023-01-10 19:46:58'),
(138, 125, '2023-01-10', '20:54:06', 'mixed', 11500, 5400, 1, 13, 12, 6, 67.9, 216.43, 14695.7, 2204.35, 16900, 'done', '2023-01-10 20:54:39'),
(139, 126, '2023-01-11', '09:26:33', 'cash', 600, NULL, 1, 13, 15, 1, 2.25, 231.88, 521.74, 78.26, 600, 'done', '2023-01-11 09:27:07'),
(140, 127, '2023-01-11', '16:35:39', 'visa', NULL, 350, 2, 11, 8, 1, 1.1, 276.68, 304.35, 45.65, 350, 'done', '2023-01-11 16:36:10'),
(141, 128, '2023-01-11', '17:10:53', 'cash', 3680, NULL, 2, 11, 6, 2, 14.9, 214.77, 3200, 480, 3680, 'done', '2023-01-11 17:11:14'),
(142, 129, '2023-01-11', '17:12:07', 'visa', NULL, 1580, 1, 13, 9, 1, 6.28, 218.78, 1373.91, 206.09, 1580, 'done', '2023-01-11 17:13:05'),
(143, 130, '2023-01-11', '17:13:46', 'cash', 5950, NULL, 1, 13, 13, 3, 23.1, 223.98, 5173.91, 776.09, 5950, 'done', '2023-01-11 17:14:18'),
(144, 131, '2023-01-11', '17:18:25', 'visa', NULL, 3950, 1, 13, 10, 1, 14.8, 232.08, 3434.78, 515.22, 3950, 'done', '2023-01-11 17:19:06'),
(145, 132, '2023-01-11', '17:22:09', 'visa', NULL, 5300, 1, 13, 21, 1, 19.3, 238.79, 4608.7, 691.31, 5300, 'done', '2023-01-11 17:22:54'),
(146, 133, '2023-01-11', '18:10:56', 'visa', NULL, 250, 2, 11, 7, 1, 0.9, 241.54, 217.39, 32.61, 250, 'done', '2023-01-11 18:11:20'),
(147, 134, '2023-01-11', '18:40:21', 'cash', 5200, NULL, 1, 13, 13, 2, 20.2, 223.85, 4521.74, 678.26, 5200, 'done', '2023-01-11 18:40:51'),
(148, 135, '2023-01-11', '20:12:00', 'visa', NULL, 170, 1, 13, 9, 1, 0.6, 246.38, 147.83, 22.17, 170, 'done', '2023-01-11 20:12:29'),
(149, 136, '2023-01-11', '20:18:37', 'visa', NULL, 580, 1, 13, 10, 1, 2.3, 219.28, 504.35, 75.65, 580, 'done', '2023-01-11 20:19:07'),
(150, 137, '2023-01-11', '20:36:37', 'visa', NULL, 380, 2, 11, 7, 1, 1.5, 220.29, 330.43, 49.56, 380, 'done', '2023-01-11 20:36:56'),
(151, 138, '2023-01-11', '20:47:04', 'mixed', 2620, 2080, 2, 11, 6, 2, 19.1, 213.98, 4086.96, 613.04, 4700, 'done', '2023-01-11 20:47:29'),
(152, 139, '2023-01-11', '21:25:47', 'visa', NULL, 420, 2, 11, 7, 1, 1.6, 228.26, 365.22, 54.78, 420, 'done', '2023-01-11 21:26:10'),
(153, 140, '2023-01-12', '09:40:52', 'visa', NULL, 1800, 1, 13, 12, 1, 6.5, 240.8, 1565.22, 234.78, 1800, 'done', '2023-01-12 09:41:32'),
(155, 141, '2023-01-12', '10:26:49', 'cash', 1155, NULL, 1, 13, 10, 1, 4.5, 223.19, 1004.35, 150.65, 1155, 'done', '2023-01-12 10:27:10'),
(156, 142, '2023-01-12', '11:03:49', 'mixed', 5000, 3200, 1, 13, 12, 1, 32.9, 216.73, 7130.43, 1069.56, 8200, 'done', '2023-01-12 11:04:22'),
(158, 143, '2023-01-12', '11:39:21', 'mixed', 2600, 600, 1, 13, 10, 1, 13, 214.05, 2782.61, 417.39, 3200, 'done', '2023-01-12 11:39:44'),
(159, 144, '2023-01-12', '16:56:28', 'visa', NULL, 1170, 1, 13, 12, 1, 4.6, 221.17, 1017.39, 152.61, 1170, 'done', '2023-01-12 16:56:58'),
(160, 145, '2023-01-12', '18:41:49', 'mixed', 1000, 100, 1, 13, 10, 2, 4.1, 233.3, 956.52, 143.48, 1100, 'done', '2023-01-12 18:44:56'),
(161, 146, '2023-01-12', '19:51:47', 'visa', NULL, 2100, 1, 13, 10, 1, 7.8, 234.11, 1826.09, 273.91, 2100, 'done', '2023-01-12 19:52:04'),
(162, 147, '2023-01-12', '20:19:40', 'visa', NULL, 630, 2, 11, 8, 1, 2.1, 260.87, 547.83, 82.17, 630, 'done', '2023-01-12 20:20:08'),
(163, 147, '2023-01-12', '20:13:11', 'cash', 1260, NULL, 1, 13, 21, 1, 5.2, 210.7, 1095.65, 164.35, 1260, 'done', '2023-01-12 20:20:15'),
(164, 148, '2023-01-12', '20:21:02', 'cash', 4000, NULL, 1, 13, 10, 1, 14.9, 233.44, 3478.26, 521.74, 4000, 'done', '2023-01-12 20:21:37'),
(165, 149, '2023-01-12', '20:22:54', 'cash', 5900, NULL, 1, 13, 9, 1, 23.3, 220.19, 5130.43, 769.56, 5900, 'done', '2023-01-12 20:23:30'),
(166, 150, '2023-01-12', '20:51:19', 'visa', NULL, 1100, 1, 13, 15, 1, 4.4, 217.39, 956.52, 143.48, 1100, 'done', '2023-01-12 20:51:51'),
(167, 151, '2023-01-12', '20:59:34', 'cash', 2000, NULL, 2, 11, 8, 1, 8.3, 209.53, 1739.13, 260.87, 2000, 'done', '2023-01-12 20:59:58'),
(168, 152, '2023-01-12', '21:00:01', 'cash', 1580, NULL, 1, 13, 15, 1, 6, 228.99, 1373.91, 206.09, 1580, 'done', '2023-01-12 21:00:32'),
(169, 153, '2023-01-12', '21:02:53', 'visa', NULL, 790, 2, 11, 5, 1, 3, 228.99, 686.96, 103.04, 790, 'done', '2023-01-12 21:03:44'),
(170, 154, '2023-01-12', '21:05:32', 'cash', 3250, NULL, 1, 13, 13, 1, 12.5, 226.09, 2826.09, 423.91, 3250, 'done', '2023-01-12 21:06:04');

-- --------------------------------------------------------

--
-- Table structure for table `simplified_invoice_elements`
--

CREATE TABLE `simplified_invoice_elements` (
  `id` int(11) NOT NULL,
  `simplified_id` int(11) NOT NULL,
  `product_id` int(11) NOT NULL,
  `weight` float NOT NULL,
  `karat` float NOT NULL,
  `count` float NOT NULL,
  `gram_price` float NOT NULL,
  `amount` float DEFAULT NULL,
  `tax` float DEFAULT NULL,
  `total` float DEFAULT NULL
) ENGINE=InnoDB DEFAULT CHARSET=utf8mb4;

--
-- Dumping data for table `simplified_invoice_elements`
--

INSERT INTO `simplified_invoice_elements` (`id`, `simplified_id`, `product_id`, `weight`, `karat`, `count`, `gram_price`, `amount`, `tax`, `total`) VALUES
(3, 3, 9, 0.4, 21, 1, 260.88, 104.35, 15.65, 120),
(6, 5, 9, 0.5, 21, 1, 295.66, 147.83, 22.17, 170),
(9, 8, 12, 2.75, 21, 1, 221.35, 608.7, 91.31, 700),
(10, 9, 11, 6.6, 18, 1, 209.49, 1382.61, 207.39, 1590),
(11, 10, 10, 0.7, 18, 1, 273.29, 191.3, 28.7, 220),
(12, 11, 2, 11.08, 21, 1, 235.44, 2608.7, 391.31, 3000),
(13, 12, 13, 8.56, 21, 1, 222.47, 1904.35, 285.65, 2190),
(14, 13, 8, 0.3, 21, 1, 405.8, 121.74, 18.26, 140),
(18, 15, 2, 15.6, 21, 1, 222.97, 3478.26, 521.74, 4000),
(19, 15, 11, 2.9, 21, 2, 239.88, 695.65, 104.35, 800),
(20, 16, 2, 0.4, 21, 1, 282.6, 113.04, 16.96, 130),
(21, 17, 8, 0.4, 21, 1, 173.93, 69.57, 10.44, 80),
(23, 18, 4, 2, 18, 1, 217.39, 434.78, 65.22, 500),
(24, 19, 4, 4.27, 18, 1, 219.94, 939.13, 140.87, 1080),
(25, 20, 11, 1.1, 18, 1, 237.15, 260.87, 39.13, 300),
(27, 21, 11, 4.8, 18, 1, 217.39, 1043.48, 156.52, 1200),
(28, 22, 11, 1.8, 21, 1, 183.57, 330.43, 49.56, 380),
(29, 23, 13, 2.9, 21, 1, 245.88, 713.04, 106.96, 820),
(30, 24, 1, 36.9, 21, 3, 212.09, 7826.09, 1173.91, 9000),
(31, 25, 13, 121.2, 21, 1, 180.98, 21934.8, 3290.22, 25225),
(37, 27, 1, 29.2, 21, 1, 223.35, 6521.74, 978.26, 7500),
(38, 28, 1, 6.6, 21, 1, 197.63, 1304.35, 195.65, 1500),
(39, 29, 1, 7, 21, 1, 217.39, 1521.74, 228.26, 1750),
(42, 32, 5, 6.46, 21, 1, 228.83, 1478.26, 221.74, 1700),
(43, 33, 8, 0.8, 18, 1, 304.35, 243.48, 36.52, 280),
(44, 34, 13, 8.3, 21, 1, 220.01, 1826.09, 273.91, 2100),
(46, 35, 8, 2, 18, 1, 217.39, 434.78, 65.22, 500),
(47, 36, 5, 18.7, 18, 1, 232.5, 4347.83, 652.17, 5000),
(50, 39, 9, 1.9, 18, 1, 219.68, 417.39, 62.61, 480),
(51, 40, 4, 6.16, 21, 1, 232.92, 1434.78, 215.22, 1650),
(53, 42, 11, 1.67, 21, 1, 234.31, 391.3, 58.7, 450),
(55, 43, 11, 2.4, 21, 1, 228.26, 547.83, 82.17, 630),
(57, 41, 8, 2.5, 21, 1, 226.09, 565.22, 84.78, 650),
(59, 44, 11, 0.8, 21, 1, 271.74, 217.39, 32.61, 250),
(60, 44, 8, 1.4, 21, 1, 236.02, 330.43, 49.56, 380),
(61, 45, 11, 2.87, 21, 1, 242.39, 695.65, 104.35, 800),
(62, 46, 1, 31.8, 21, 3, 218.76, 6956.52, 1043.48, 8000),
(63, 47, 11, 0.7, 21, 1, 285.71, 200, 30, 230),
(64, 48, 1, 21, 21, 3, 215.32, 4521.74, 678.26, 5200),
(65, 49, 11, 5.5, 18, 1, 221.34, 1217.39, 182.61, 1400),
(66, 50, 1, 5.8, 21, 1, 199.4, 1156.52, 173.48, 1330),
(67, 51, 11, 1.5, 21, 1, 226.09, 339.13, 50.87, 390),
(68, 52, 2, 11.1, 18, 1, 211.52, 2347.83, 352.17, 2700),
(69, 53, 13, 3.8, 18, 2, 228.83, 869.57, 130.44, 1000),
(70, 54, 1, 23.8, 21, 2, 219.22, 5217.39, 782.61, 6000),
(71, 55, 1, 6.4, 21, 1, 230.98, 1478.26, 221.74, 1700),
(72, 56, 5, 2.4, 21, 1, 235.51, 565.22, 84.78, 650),
(73, 57, 5, 1.4, 21, 1, 254.66, 356.52, 53.48, 410),
(74, 58, 4, 5.66, 21, 1, 245.81, 1391.3, 208.7, 1600),
(75, 59, 1, 18.7, 21, 1, 218.55, 4086.96, 613.04, 4700),
(76, 60, 13, 28, 18, 1, 226.71, 6347.83, 952.17, 7300),
(77, 61, 11, 1.8, 18, 1, 217.39, 391.3, 58.7, 450),
(78, 62, 8, 1.4, 18, 1, 236.02, 330.43, 49.56, 380),
(79, 63, 11, 4.2, 21, 1, 223.6, 939.13, 140.87, 1080),
(80, 64, 11, 1.48, 21, 1, 235.02, 347.83, 52.17, 400),
(81, 65, 1, 15.6, 21, 2, 222.97, 3478.26, 521.74, 4000),
(82, 66, 8, 1, 18, 1, 217.39, 217.39, 32.61, 250),
(83, 66, 13, 2.5, 21, 1, 236.52, 591.3, 88.7, 680),
(84, 67, 11, 5.62, 21, 3, 239.83, 1347.83, 202.17, 1550),
(85, 68, 1, 25.7, 21, 3, 225, 5782.61, 867.39, 6650),
(86, 69, 11, 1.2, 18, 1, 217.39, 260.87, 39.13, 300),
(87, 70, 12, 1.5, 21, 1, 260.87, 391.3, 58.7, 450),
(88, 71, 8, 6.2, 21, 1, 227.21, 1408.7, 211.31, 1620),
(89, 72, 2, 13.08, 21, 1, 259.27, 3391.3, 508.7, 3900),
(90, 72, 2, 35.64, 18, 1, 226.91, 8086.96, 1213.04, 9300),
(91, 73, 1, 4.3, 21, 1, 232.56, 1000, 150, 1150),
(92, 74, 13, 29.7, 18, 1, 221.05, 6565.22, 984.78, 7550),
(94, 74, 6, 8, 21, 0, 222.83, 1782.61, 267.39, 2050),
(95, 75, 1, 33.4, 21, 3, 219.99, 7347.83, 1102.17, 8450),
(96, 76, 10, 1.3, 18, 1, 247.49, 321.74, 48.26, 370),
(97, 77, 13, 121.2, 21, 1, 191.74, 23239.1, 3485.87, 26725),
(98, 78, 10, 11.7, 21, 1, 208.1, 2434.78, 365.22, 2800),
(99, 79, 11, 3.8, 21, 1, 240.27, 913.04, 136.96, 1050),
(101, 80, 1, 12.8, 21, 1, 230.98, 2956.52, 443.48, 3400),
(102, 81, 13, 27.9, 21, 1, 222.85, 6217.39, 932.61, 7150),
(103, 82, 3, 6.1, 21, 1, 249.47, 1521.74, 228.26, 1750),
(104, 82, 2, 11.2, 18, 0, 229.04, 2565.22, 384.78, 2950),
(105, 83, 13, 5.8, 21, 3, 238.38, 1382.61, 207.39, 1590),
(106, 84, 2, 7.29, 21, 1, 236.18, 1721.74, 258.26, 1980),
(108, 84, 8, 0.7, 18, 1, 248.44, 173.91, 26.09, 200),
(109, 85, 5, 13.8, 18, 1, 220.54, 3043.48, 456.52, 3500),
(110, 86, 11, 1.3, 21, 1, 227.42, 295.65, 44.35, 340),
(111, 87, 4, 2.1, 18, 1, 240.17, 504.35, 75.65, 580),
(112, 88, 10, 2.9, 21, 1, 239.88, 695.65, 104.35, 800),
(113, 89, 11, 1.6, 21, 1, 233.69, 373.91, 56.09, 430),
(114, 90, 5, 18.5, 18, 1, 229.85, 4252.17, 637.83, 4890),
(115, 91, 5, 14.5, 18, 1, 215.89, 3130.43, 469.56, 3600),
(116, 92, 2, 37.8, 21, 1, 232.34, 8782.61, 1317.39, 10100),
(117, 93, 9, 9.8, 18, 1, 221.83, 2173.91, 326.09, 2500),
(118, 94, 2, 9.08, 21, 1, 239.42, 2173.91, 326.09, 2500),
(119, 95, 10, 4.32, 18, 1, 221.42, 956.52, 143.48, 1100),
(120, 96, 1, 18.6, 21, 1, 226.74, 4217.39, 632.61, 4850),
(121, 97, 11, 2.8, 18, 1, 239.13, 669.57, 100.44, 770),
(122, 98, 7, 3, 21, 1, 231.88, 695.65, 104.35, 800),
(123, 99, 10, 1.6, 21, 1, 244.56, 391.3, 58.7, 450),
(124, 100, 8, 1.2, 18, 1, 217.39, 260.87, 39.13, 300),
(125, 100, 5, 9.7, 21, 1, 242.04, 2347.83, 352.17, 2700),
(127, 101, 1, 18.2, 21, 3, 219.78, 4000, 600, 4600),
(128, 101, 2, 17.2, 21, 1, 230.03, 3956.52, 593.48, 4550),
(129, 101, 2, 10.83, 21, 1, 224.82, 2434.78, 365.22, 2800),
(131, 101, 4, 6.4, 21, 1, 203.8, 1304.35, 195.65, 1500),
(132, 101, 5, 3.14, 21, 1, 249.24, 782.61, 117.39, 900),
(133, 101, 12, 2, 18, 1, 282.61, 565.22, 84.78, 650),
(137, 103, 2, 7.4, 18, 1, 211.52, 1565.22, 234.78, 1800),
(138, 104, 2, 24.45, 21, 1, 238.29, 5826.09, 873.91, 6700),
(139, 105, 2, 54.5, 18, 1, 201.04, 10956.5, 1643.48, 12600),
(140, 106, 2, 10.97, 21, 1, 237.8, 2608.7, 391.31, 3000),
(141, 107, 9, 1.8, 21, 1, 241.54, 434.78, 65.22, 500),
(142, 108, 9, 0.6, 18, 1, 275.37, 165.22, 24.78, 190),
(143, 109, 2, 35.8, 18, 1, 212.53, 7608.7, 1141.31, 8750),
(144, 108, 11, 1.62, 21, 1, 241.54, 391.3, 58.7, 450),
(145, 110, 13, 31.05, 21, 1, 238.05, 7391.3, 1108.7, 8500),
(146, 111, 4, 6.1, 21, 0, 249.47, 1521.74, 228.26, 1750),
(147, 112, 9, 3.3, 21, 1, 223.98, 739.13, 110.87, 850),
(149, 113, 4, 7.93, 21, 1, 217.12, 1721.74, 258.26, 1980),
(150, 113, 12, 1.6, 21, 1, 244.56, 391.3, 58.7, 450),
(151, 114, 5, 5.02, 21, 1, 242.51, 1217.39, 182.61, 1400),
(152, 115, 4, 7.7, 18, 1, 214.57, 1652.17, 247.83, 1900),
(153, 116, 11, 1.1, 21, 1, 237.15, 260.87, 39.13, 300),
(154, 117, 5, 3, 18, 1, 231.88, 695.65, 104.35, 800),
(155, 118, 5, 22.1, 18, 1, 224.28, 4956.52, 743.48, 5700),
(156, 118, 13, 5.6, 18, 2, 232.92, 1304.35, 195.65, 1500),
(157, 119, 5, 7.55, 18, 1, 229.2, 1730.43, 259.56, 1990),
(158, 120, 11, 3.1, 21, 1, 224.4, 695.65, 104.35, 800),
(159, 121, 2, 1.6, 18, 1, 244.56, 391.3, 58.7, 450),
(160, 122, 9, 0.5, 18, 1, 278.26, 139.13, 20.87, 160),
(161, 123, 3, 8.3, 21, 1, 256.68, 2130.43, 319.56, 2450),
(162, 124, 10, 1.5, 18, 1, 231.89, 347.83, 52.17, 400),
(163, 125, 5, 7, 18, 1, 192.55, 1347.83, 202.17, 1550),
(164, 126, 11, 3.6, 18, 1, 217.39, 782.61, 117.39, 900),
(165, 127, 2, 64.4, 21, 1, 216.04, 13913, 2086.96, 16000),
(166, 128, 2, 11.1, 18, 1, 224.83, 2495.65, 374.35, 2870),
(168, 129, 13, 13.9, 21, 1, 212.7, 2956.52, 443.48, 3400),
(169, 130, 13, 5.8, 18, 1, 254.87, 1478.26, 221.74, 1700),
(170, 131, 3, 28, 18, 1, 220.5, 6173.91, 926.09, 7100),
(171, 132, 11, 3.7, 18, 1, 270.27, 1000, 150, 1150),
(172, 133, 5, 18, 18, 1, 234.3, 4217.39, 632.61, 4850),
(173, 134, 5, 17.2, 18, 1, 217.39, 3739.13, 560.87, 4300),
(174, 135, 11, 0.5, 18, 1, 208.7, 104.35, 15.65, 120),
(175, 136, 11, 1.6, 18, 1, 271.74, 434.78, 65.22, 500),
(176, 137, 14, 105.8, 21, 1, 230.13, 24347.8, 3652.17, 28000),
(177, 138, 1, 67.9, 21, 6, 216.43, 14695.7, 2204.35, 16900),
(178, 139, 11, 2.25, 18, 1, 231.88, 521.74, 78.26, 600),
(179, 140, 10, 1.1, 18, 1, 276.68, 304.35, 45.65, 350),
(180, 141, 1, 14.9, 21, 2, 214.77, 3200, 480, 3680),
(181, 142, 13, 6.28, 18, 1, 218.78, 1373.91, 206.09, 1580),
(182, 143, 1, 23.1, 21, 3, 223.98, 5173.91, 776.09, 5950),
(183, 144, 5, 14.8, 18, 1, 232.08, 3434.78, 515.22, 3950),
(184, 145, 1, 19.3, 21, 1, 238.79, 4608.7, 691.31, 5300),
(185, 146, 8, 0.9, 21, 1, 241.54, 217.39, 32.61, 250),
(186, 147, 1, 20.2, 21, 2, 223.85, 4521.74, 678.26, 5200),
(187, 148, 9, 0.6, 18, 1, 246.38, 147.83, 22.17, 170),
(188, 149, 10, 2.3, 21, 1, 219.28, 504.35, 75.65, 580),
(189, 150, 10, 1.5, 18, 1, 220.29, 330.43, 49.56, 380),
(190, 151, 1, 19.1, 21, 2, 213.98, 4086.96, 613.04, 4700),
(191, 152, 8, 1.6, 18, 1, 228.26, 365.22, 54.78, 420),
(192, 153, 13, 6.5, 21, 1, 240.8, 1565.22, 234.78, 1800),
(194, 155, 10, 4.5, 18, 1, 223.19, 1004.35, 150.65, 1155),
(195, 156, 2, 32.9, 18, 1, 216.73, 7130.43, 1069.56, 8200),
(197, 158, 1, 13, 21, 1, 214.05, 2782.61, 417.39, 3200),
(198, 159, 8, 4.6, 18, 1, 221.17, 1017.39, 152.61, 1170),
(199, 160, 13, 4.1, 21, 2, 233.3, 956.52, 143.48, 1100),
(200, 161, 4, 7.8, 21, 1, 234.11, 1826.09, 273.91, 2100),
(201, 162, 11, 2.1, 18, 1, 260.87, 547.83, 82.17, 630),
(202, 163, 13, 5.2, 18, 1, 210.7, 1095.65, 164.35, 1260),
(203, 164, 10, 14.9, 21, 1, 233.44, 3478.26, 521.74, 4000),
(204, 165, 13, 23.3, 18, 1, 220.19, 5130.43, 769.56, 5900),
(205, 166, 5, 4.4, 18, 1, 217.39, 956.52, 143.48, 1100),
(207, 168, 8, 6, 21, 1, 228.99, 1373.91, 206.09, 1580),
(208, 167, 4, 8.3, 18, 1, 209.53, 1739.13, 260.87, 2000),
(209, 169, 11, 3, 18, 1, 228.99, 686.96, 103.04, 790),
(210, 170, 13, 12.5, 18, 1, 226.09, 2826.09, 423.91, 3250);

-- --------------------------------------------------------

--
-- Table structure for table `simplified_payments`
--

CREATE TABLE `simplified_payments` (
  `id` int(11) NOT NULL,
  `simplified_id` int(11) NOT NULL,
  `payment_method` varchar(255) NOT NULL,
  `amount` float NOT NULL
) ENGINE=InnoDB DEFAULT CHARSET=utf8mb4;

--
-- Dumping data for table `simplified_payments`
--

INSERT INTO `simplified_payments` (`id`, `simplified_id`, `payment_method`, `amount`) VALUES
(2, 3, 'cash', 120),
(3, 5, 'visa', 170),
(4, 8, 'visa', 700),
(5, 9, 'visa', 1590),
(6, 10, 'visa', 220),
(7, 11, 'visa', 3000),
(8, 12, 'visa', 2190),
(9, 13, 'cash', 140),
(10, 15, 'visa', 4800),
(11, 16, 'cash', 130),
(12, 17, 'cash', 80),
(13, 18, 'visa', 500),
(14, 19, 'visa', 1080),
(15, 20, 'cash', 300),
(16, 21, 'cash', 1200),
(17, 22, 'cash', 380),
(18, 23, 'visa', 820),
(19, 24, 'visa', 9000),
(20, 25, 'cash', 25225),
(21, 27, 'cash', 7500),
(22, 28, 'cash', 1500),
(23, 29, 'cash', 1750),
(26, 32, 'cash', 1700),
(27, 33, 'cash', 280),
(28, 34, 'visa', 2100),
(29, 35, 'cash', 500),
(30, 36, 'cash', 5000),
(31, 39, 'cash', 480),
(32, 40, 'visa', 1650),
(34, 42, 'cash', 450),
(35, 43, 'visa', 630),
(36, 41, 'cash', 650),
(37, 44, 'cash', 380),
(38, 44, 'visa', 250),
(39, 45, 'cash', 800),
(40, 46, 'visa', 8000),
(41, 47, 'visa', 230),
(42, 48, 'visa', 5200),
(43, 49, 'visa', 1400),
(44, 50, 'cash', 1330),
(45, 51, 'visa', 390),
(46, 52, 'cash', 2700),
(47, 53, 'visa', 1000),
(48, 54, 'cash', 5000),
(49, 54, 'visa', 1000),
(50, 55, 'cash', 1700),
(51, 56, 'cash', 650),
(52, 57, 'cash', 410),
(53, 58, 'cash', 1600),
(54, 59, 'cash', 3300),
(55, 59, 'visa', 1400),
(56, 60, 'cash', 4830),
(57, 60, 'visa', 2470),
(58, 61, 'visa', 450),
(59, 62, 'visa', 380),
(60, 63, 'cash', 1080),
(61, 64, 'visa', 400),
(62, 65, 'visa', 4000),
(63, 66, 'cash', 930),
(64, 67, 'cash', 1160),
(65, 67, 'visa', 390),
(66, 68, 'cash', 5150),
(67, 68, 'visa', 1500),
(68, 69, 'visa', 300),
(69, 70, 'cash', 450),
(70, 71, 'cash', 1620),
(71, 72, 'visa', 13200),
(72, 73, 'cash', 1150),
(73, 74, 'visa', 9600),
(74, 75, 'cash', 8450),
(75, 76, 'visa', 370),
(76, 77, 'cash', 26725),
(77, 78, 'cash', 2800),
(78, 79, 'cash', 1050),
(79, 80, 'visa', 3400),
(80, 81, 'cash', 7150),
(81, 82, 'cash', 2950),
(82, 82, 'visa', 1750),
(83, 83, 'visa', 1590),
(84, 84, 'visa', 2180),
(85, 85, 'cash', 1000),
(86, 85, 'visa', 2500),
(87, 86, 'cash', 340),
(88, 87, 'visa', 580),
(89, 88, 'cash', 800),
(90, 89, 'cash', 430),
(91, 90, 'cash', 4890),
(92, 91, 'cash', 3600),
(93, 92, 'visa', 10100),
(94, 93, 'cash', 2500),
(95, 94, 'visa', 2500),
(96, 95, 'cash', 1100),
(97, 96, 'cash', 4850),
(98, 97, 'cash', 770),
(99, 98, 'cash', 800),
(100, 99, 'cash', 450),
(101, 100, 'cash', 3000),
(102, 101, 'visa', 15000),
(103, 103, 'cash', 1000),
(104, 103, 'visa', 800),
(105, 104, 'visa', 6700),
(106, 105, 'cash', 12600),
(107, 106, 'visa', 3000),
(108, 107, 'visa', 500),
(109, 109, 'visa', 8750),
(110, 108, 'cash', 640),
(111, 110, 'visa', 8500),
(112, 111, 'visa', 1750),
(113, 112, 'visa', 850),
(114, 113, 'cash', 2430),
(115, 114, 'visa', 1400),
(116, 115, 'visa', 1900),
(117, 116, 'visa', 300),
(118, 117, 'visa', 800),
(119, 118, 'cash', 7200),
(120, 119, 'visa', 1990),
(121, 120, 'visa', 800),
(122, 121, 'visa', 450),
(123, 122, 'cash', 160),
(124, 123, 'cash', 2450),
(125, 124, 'cash', 400),
(126, 125, 'cash', 1550),
(127, 126, 'cash', 900),
(128, 127, 'cash', 16000),
(129, 128, 'visa', 2870),
(130, 129, 'cash', 3400),
(131, 130, 'visa', 1700),
(132, 131, 'cash', 7100),
(133, 132, 'cash', 1150),
(134, 133, 'cash', 4850),
(135, 134, 'visa', 4300),
(136, 135, 'cash', 120),
(137, 136, 'cash', 500),
(138, 137, 'visa', 28000),
(139, 138, 'cash', 11500),
(140, 138, 'visa', 5400),
(141, 139, 'cash', 600),
(142, 140, 'visa', 350),
(143, 141, 'cash', 3680),
(144, 142, 'visa', 1580),
(145, 143, 'cash', 5950),
(146, 144, 'visa', 3950),
(147, 145, 'visa', 5300),
(148, 146, 'visa', 250),
(149, 147, 'cash', 5200),
(150, 148, 'visa', 170),
(151, 149, 'visa', 580),
(152, 150, 'visa', 380),
(153, 151, 'cash', 2620),
(154, 151, 'visa', 2080),
(155, 152, 'visa', 420),
(156, 153, 'visa', 1800),
(157, 155, 'cash', 1155),
(158, 156, 'cash', 5000),
(159, 156, 'visa', 3200),
(160, 158, 'cash', 2600),
(161, 158, 'visa', 600),
(162, 159, 'visa', 1170),
(163, 160, 'cash', 1000),
(164, 160, 'visa', 100),
(165, 161, 'visa', 2100),
(166, 162, 'visa', 630),
(167, 163, 'cash', 1260),
(168, 164, 'cash', 4000),
(169, 165, 'cash', 5900),
(170, 166, 'visa', 1100),
(171, 168, 'cash', 1580),
(172, 167, 'cash', 2000),
(173, 169, 'visa', 790),
(174, 170, 'cash', 3250);

-- --------------------------------------------------------

--
-- Table structure for table `simplified_returns`
--

CREATE TABLE `simplified_returns` (
  `id` int(11) NOT NULL,
  `branch_id` int(11) NOT NULL,
  `supervisor_id` bigint(20) UNSIGNED NOT NULL,
  `simplified_id` int(11) NOT NULL,
  `unified_serial_number` varchar(255) NOT NULL,
  `employee_id` int(11) NOT NULL,
  `date` date NOT NULL,
  `time` time NOT NULL,
  `notes` text DEFAULT NULL,
  `created_at` timestamp NOT NULL DEFAULT current_timestamp()
) ENGINE=InnoDB DEFAULT CHARSET=utf8mb4;

--
-- Dumping data for table `simplified_returns`
--

INSERT INTO `simplified_returns` (`id`, `branch_id`, `supervisor_id`, `simplified_id`, `unified_serial_number`, `employee_id`, `date`, `time`, `notes`, `created_at`) VALUES
(1, 1, 12, 25, '1', 11, '2023-01-07', '21:02:02', NULL, '2023-01-07 21:02:32'),
(2, 1, 12, 52, '2', 11, '2023-01-08', '09:06:19', NULL, '2023-01-08 09:09:20'),
(3, 1, 12, 92, '3', 10, '2023-01-08', '09:10:36', NULL, '2023-01-08 09:11:01'),
(4, 1, 12, 71, '4', 11, '2023-01-08', '09:11:14', NULL, '2023-01-08 09:11:33'),
(5, 1, 12, 98, '5', 12, '2023-01-08', '20:22:27', NULL, '2023-01-08 20:22:50'),
(6, 1, 12, 82, '6', 10, '2023-01-09', '10:03:25', NULL, '2023-01-09 10:03:50'),
(7, 1, 12, 131, '7', 15, '2023-01-11', '16:10:52', NULL, '2023-01-11 16:11:19');

-- --------------------------------------------------------

--
-- Table structure for table `supervisors`
--

CREATE TABLE `supervisors` (
  `id` bigint(20) UNSIGNED NOT NULL,
  `name` varchar(255) COLLATE utf8mb4_unicode_ci NOT NULL,
  `email` varchar(191) COLLATE utf8mb4_unicode_ci NOT NULL,
  `branch_id` int(11) DEFAULT NULL,
  `phone_number` varchar(55) COLLATE utf8mb4_unicode_ci DEFAULT NULL,
  `profile_pic` text COLLATE utf8mb4_unicode_ci DEFAULT NULL,
  `email_verified_at` timestamp NULL DEFAULT NULL,
  `password` varchar(255) COLLATE utf8mb4_unicode_ci NOT NULL,
  `role_name` varchar(255) COLLATE utf8mb4_unicode_ci NOT NULL,
  `Status` varchar(255) COLLATE utf8mb4_unicode_ci NOT NULL DEFAULT 'active',
  `api_token` varchar(80) COLLATE utf8mb4_unicode_ci DEFAULT NULL,
  `remember_token` varchar(100) COLLATE utf8mb4_unicode_ci DEFAULT NULL,
  `created_at` timestamp NULL DEFAULT NULL,
  `updated_at` timestamp NULL DEFAULT NULL
) ENGINE=InnoDB DEFAULT CHARSET=utf8mb4 COLLATE=utf8mb4_unicode_ci;

--
-- Dumping data for table `supervisors`
--

INSERT INTO `supervisors` (`id`, `name`, `email`, `branch_id`, `phone_number`, `profile_pic`, `email_verified_at`, `password`, `role_name`, `Status`, `api_token`, `remember_token`, `created_at`, `updated_at`) VALUES
(1, 'Admin', 'admin@admin.com', NULL, '01092716796', 'uploads/profiles/supervisors/1/logo.png', '2021-08-23 01:40:49', '$2y$10$hfSESSZUBTLiXBySHXjtNe94h9pXtRW8MK7Hy4C3UXNM0m7wQiHZy', 'مدير النظام', 'active', NULL, 'dX5CCQhPppVIV0sUUCdeGuYAiLRC4DLeKvz1jlIzPSRnp7XbLjd4rJEotrCG', '2021-08-23 01:40:49', '2023-01-01 16:47:42'),
(10, 'aloqab2', 'aloqab2@aloqab.com', 2, NULL, 'uploads/profiles/supervisors/10/1639720-removebg-preview-removebg-preview.png', NULL, '$2y$10$1r.GZCHrd.SaOUmfKnxpxuT/N/Warhx3bxH2AdiM3KCc9NnvFBdzq', 'مدير فرع', 'active', NULL, 'nECQgGZLFvzVJLrBwAgQ8Lq3O9627dy7yxUXeKnTUbwE15vVVXRdet00n5Zc', '2023-01-01 16:51:29', '2023-01-01 16:51:29'),
(11, 'aloqab2M', 'aloqab2M@M.com', 2, NULL, 'uploads/profiles/supervisors/11/gold.png', NULL, '$2y$10$anOtbcG95TesS/FfVliV0OWwKKeIKuqx8oWm3GSBDbLsl4XUzXBLy', 'موظف فرع', 'active', NULL, 'VuDMQywlVhEu3H0zEceNFprvOSZChITMo5hMjcfjOv875ajY5AmzedogeFyH', '2023-01-01 17:02:12', '2023-01-01 18:05:53'),
(12, 'aloqab1', 'aloqab1@aloqab.com', 1, NULL, 'uploads/profiles/supervisors/12/gem_icon_195029-removebg-preview.png', NULL, '$2y$10$voAnCGcKj.bdKrhTeCM4rumcguvBBovlhmXdIiM7j83cNRnxmnSVC', 'مدير فرع', 'active', NULL, 'tWWnT4OeaTYR09mtR9fvRpm7ZIFQHY08Q3kbQ5YFb8U0Y0lvyEfDTb5B29qP', '2023-01-01 17:06:00', '2023-01-07 21:00:29'),
(13, 'aloqab1', 'ALoqab1m@m.com', 1, NULL, 'uploads/profiles/supervisors/13/shar.bmp', NULL, '$2y$10$qI9KFuoOHerkAzVWkzZ2YOxIZki2qettVx3.1bjhP.vbNb7DC.NQO', 'موظف فرع', 'active', NULL, 'gc8nUTRag11smYYdNhO7AbTeeBg3PBbRJFJ2KlLA4KknxbGAiVHh3MWmp5kb', '2023-01-01 18:19:58', '2023-01-07 21:02:26');

-- --------------------------------------------------------

--
-- Table structure for table `supervisor_password_resets`
--

CREATE TABLE `supervisor_password_resets` (
  `email` varchar(255) COLLATE utf8mb4_unicode_ci NOT NULL,
  `token` varchar(255) COLLATE utf8mb4_unicode_ci NOT NULL,
  `created_at` timestamp NULL DEFAULT NULL
) ENGINE=InnoDB DEFAULT CHARSET=utf8mb4 COLLATE=utf8mb4_unicode_ci;

-- --------------------------------------------------------

--
-- Table structure for table `tax_invoices`
--

CREATE TABLE `tax_invoices` (
  `id` int(11) NOT NULL,
  `unified_serial_number` int(11) NOT NULL,
  `company_name` varchar(255) NOT NULL,
  `company_tax_number` varchar(255) NOT NULL,
  `date` date NOT NULL,
  `time` time NOT NULL,
  `payment_method` varchar(255) NOT NULL,
  `cash_amount` float DEFAULT NULL,
  `visa_amount` float DEFAULT NULL,
  `branch_id` int(11) DEFAULT NULL,
  `supervisor_id` bigint(20) UNSIGNED NOT NULL,
  `employee_id` int(11) NOT NULL,
  `total_count` float DEFAULT NULL,
  `total_weight` float DEFAULT NULL,
  `gram_total_price` float DEFAULT NULL,
  `amount_total` float DEFAULT NULL,
  `tax_total` float DEFAULT NULL,
  `final_total` float DEFAULT NULL,
  `status` varchar(255) NOT NULL DEFAULT 'open',
  `created_at` timestamp NOT NULL DEFAULT current_timestamp(),
  `updated_at` timestamp NOT NULL DEFAULT current_timestamp()
) ENGINE=InnoDB DEFAULT CHARSET=utf8mb4;

-- --------------------------------------------------------

--
-- Table structure for table `tax_invoice_elements`
--

CREATE TABLE `tax_invoice_elements` (
  `id` int(11) NOT NULL,
  `tax_id` int(11) NOT NULL,
  `product_id` int(11) NOT NULL,
  `weight` float NOT NULL,
  `karat` float NOT NULL,
  `count` float NOT NULL,
  `gram_price` float NOT NULL,
  `amount` float DEFAULT NULL,
  `tax` float DEFAULT NULL,
  `total` float DEFAULT NULL,
  `created_at` timestamp NOT NULL DEFAULT current_timestamp(),
  `updated_at` timestamp NOT NULL DEFAULT current_timestamp()
) ENGINE=InnoDB DEFAULT CHARSET=utf8mb4;

-- --------------------------------------------------------

--
-- Table structure for table `tax_payments`
--

CREATE TABLE `tax_payments` (
  `id` int(11) NOT NULL,
  `tax_id` int(11) NOT NULL,
  `payment_method` varchar(255) NOT NULL,
  `amount` float NOT NULL,
  `created_at` timestamp NOT NULL DEFAULT current_timestamp(),
  `updated_at` timestamp NOT NULL DEFAULT current_timestamp()
) ENGINE=InnoDB DEFAULT CHARSET=utf8mb4;

-- --------------------------------------------------------

--
-- Table structure for table `tax_returns`
--

CREATE TABLE `tax_returns` (
  `id` int(11) NOT NULL,
  `branch_id` int(11) NOT NULL,
  `supervisor_id` bigint(20) UNSIGNED NOT NULL,
  `tax_id` int(11) NOT NULL,
  `unified_serial_number` varchar(255) NOT NULL,
  `employee_id` int(11) NOT NULL,
  `date` date NOT NULL,
  `time` time NOT NULL,
  `notes` text DEFAULT NULL,
  `created_at` timestamp NOT NULL DEFAULT current_timestamp(),
  `updated_at` timestamp NOT NULL DEFAULT current_timestamp()
) ENGINE=InnoDB DEFAULT CHARSET=utf8mb4;

--
-- Indexes for dumped tables
--

--
-- Indexes for table `branches`
--
ALTER TABLE `branches`
  ADD PRIMARY KEY (`id`);

--
-- Indexes for table `employees`
--
ALTER TABLE `employees`
  ADD PRIMARY KEY (`id`),
  ADD KEY `branch_id_54` (`branch_id`);

--
-- Indexes for table `expenses`
--
ALTER TABLE `expenses`
  ADD PRIMARY KEY (`id`),
  ADD KEY `branch_id_56` (`branch_id`),
  ADD KEY `supervisor_id_56` (`supervisor_id`),
  ADD KEY `fixed_id_56` (`fixed_id`);

--
-- Indexes for table `fixed_expenses`
--
ALTER TABLE `fixed_expenses`
  ADD PRIMARY KEY (`id`),
  ADD KEY `supervisor_id_55` (`supervisor_id`);

--
-- Indexes for table `model_has_permissions`
--
ALTER TABLE `model_has_permissions`
  ADD PRIMARY KEY (`permission_id`,`model_id`,`model_type`),
  ADD KEY `model_has_permissions_model_id_model_type_index` (`model_id`,`model_type`);

--
-- Indexes for table `model_has_roles`
--
ALTER TABLE `model_has_roles`
  ADD PRIMARY KEY (`role_id`,`model_id`,`model_type`),
  ADD KEY `model_has_roles_model_id_model_type_index` (`model_id`,`model_type`);

--
-- Indexes for table `permissions`
--
ALTER TABLE `permissions`
  ADD PRIMARY KEY (`id`);

--
-- Indexes for table `products`
--
ALTER TABLE `products`
  ADD PRIMARY KEY (`id`);

--
-- Indexes for table `purchases_invoices`
--
ALTER TABLE `purchases_invoices`
  ADD PRIMARY KEY (`id`),
  ADD KEY `branch_id_90` (`branch_id`),
  ADD KEY `supervisor_id_90` (`supervisor_id`),
  ADD KEY `employee_id_90` (`employee_id`);

--
-- Indexes for table `roles`
--
ALTER TABLE `roles`
  ADD PRIMARY KEY (`id`);

--
-- Indexes for table `role_has_permissions`
--
ALTER TABLE `role_has_permissions`
  ADD PRIMARY KEY (`permission_id`,`role_id`),
  ADD KEY `role_has_permissions_role_id_foreign` (`role_id`);

--
-- Indexes for table `simplcode`
--
ALTER TABLE `simplcode`
  ADD PRIMARY KEY (`id`);

--
-- Indexes for table `simplified_invoices`
--
ALTER TABLE `simplified_invoices`
  ADD PRIMARY KEY (`id`),
  ADD KEY `branch_id_2` (`branch_id`),
  ADD KEY `supervisor_id` (`supervisor_id`),
  ADD KEY `employee_id` (`employee_id`);

--
-- Indexes for table `simplified_invoice_elements`
--
ALTER TABLE `simplified_invoice_elements`
  ADD PRIMARY KEY (`id`),
  ADD KEY `product_id_2` (`product_id`),
  ADD KEY `simplified_id` (`simplified_id`);

--
-- Indexes for table `simplified_payments`
--
ALTER TABLE `simplified_payments`
  ADD PRIMARY KEY (`id`),
  ADD KEY `simplified_id_2` (`simplified_id`);

--
-- Indexes for table `simplified_returns`
--
ALTER TABLE `simplified_returns`
  ADD PRIMARY KEY (`id`),
  ADD KEY `branch_id_9` (`branch_id`),
  ADD KEY `supervisor_id_9` (`supervisor_id`),
  ADD KEY `simplified_id_9` (`simplified_id`),
  ADD KEY `employee_id_2` (`employee_id`);

--
-- Indexes for table `supervisors`
--
ALTER TABLE `supervisors`
  ADD PRIMARY KEY (`id`),
  ADD UNIQUE KEY `admins_email_unique` (`email`),
  ADD UNIQUE KEY `admins_api_token_unique` (`api_token`),
  ADD KEY `branch_id` (`branch_id`);

--
-- Indexes for table `supervisor_password_resets`
--
ALTER TABLE `supervisor_password_resets`
  ADD KEY `admin_password_resets_email_index` (`email`);

--
-- Indexes for table `tax_invoices`
--
ALTER TABLE `tax_invoices`
  ADD PRIMARY KEY (`id`),
  ADD KEY `branch_id_22` (`branch_id`),
  ADD KEY `supervisor_id_22` (`supervisor_id`),
  ADD KEY `employee_id_3` (`employee_id`);

--
-- Indexes for table `tax_invoice_elements`
--
ALTER TABLE `tax_invoice_elements`
  ADD PRIMARY KEY (`id`),
  ADD KEY `product_id_22` (`product_id`),
  ADD KEY `tax_id_22` (`tax_id`);

--
-- Indexes for table `tax_payments`
--
ALTER TABLE `tax_payments`
  ADD PRIMARY KEY (`id`),
  ADD KEY `tax_id_23` (`tax_id`);

--
-- Indexes for table `tax_returns`
--
ALTER TABLE `tax_returns`
  ADD PRIMARY KEY (`id`),
  ADD KEY `branch_id_10` (`branch_id`),
  ADD KEY `supervisor_id_10` (`supervisor_id`),
  ADD KEY `tax_id_10` (`tax_id`),
  ADD KEY `employee_id_4` (`employee_id`);

--
-- AUTO_INCREMENT for dumped tables
--

--
-- AUTO_INCREMENT for table `branches`
--
ALTER TABLE `branches`
  MODIFY `id` int(11) NOT NULL AUTO_INCREMENT, AUTO_INCREMENT=3;

--
-- AUTO_INCREMENT for table `employees`
--
ALTER TABLE `employees`
  MODIFY `id` int(11) NOT NULL AUTO_INCREMENT, AUTO_INCREMENT=22;

--
-- AUTO_INCREMENT for table `expenses`
--
ALTER TABLE `expenses`
  MODIFY `id` int(11) NOT NULL AUTO_INCREMENT, AUTO_INCREMENT=4;

--
-- AUTO_INCREMENT for table `fixed_expenses`
--
ALTER TABLE `fixed_expenses`
  MODIFY `id` int(11) NOT NULL AUTO_INCREMENT, AUTO_INCREMENT=4;

--
-- AUTO_INCREMENT for table `permissions`
--
ALTER TABLE `permissions`
  MODIFY `id` bigint(20) UNSIGNED NOT NULL AUTO_INCREMENT, AUTO_INCREMENT=43;

--
-- AUTO_INCREMENT for table `products`
--
ALTER TABLE `products`
  MODIFY `id` int(11) NOT NULL AUTO_INCREMENT, AUTO_INCREMENT=16;

--
-- AUTO_INCREMENT for table `purchases_invoices`
--
ALTER TABLE `purchases_invoices`
  MODIFY `id` int(11) NOT NULL AUTO_INCREMENT, AUTO_INCREMENT=3;

--
-- AUTO_INCREMENT for table `roles`
--
ALTER TABLE `roles`
  MODIFY `id` bigint(20) UNSIGNED NOT NULL AUTO_INCREMENT, AUTO_INCREMENT=4;

--
-- AUTO_INCREMENT for table `simplcode`
--
ALTER TABLE `simplcode`
  MODIFY `id` int(11) NOT NULL AUTO_INCREMENT, AUTO_INCREMENT=2;

--
-- AUTO_INCREMENT for table `simplified_invoices`
--
ALTER TABLE `simplified_invoices`
  MODIFY `id` int(11) NOT NULL AUTO_INCREMENT, AUTO_INCREMENT=171;

--
-- AUTO_INCREMENT for table `simplified_invoice_elements`
--
ALTER TABLE `simplified_invoice_elements`
  MODIFY `id` int(11) NOT NULL AUTO_INCREMENT, AUTO_INCREMENT=211;

--
-- AUTO_INCREMENT for table `simplified_payments`
--
ALTER TABLE `simplified_payments`
  MODIFY `id` int(11) NOT NULL AUTO_INCREMENT, AUTO_INCREMENT=175;

--
-- AUTO_INCREMENT for table `simplified_returns`
--
ALTER TABLE `simplified_returns`
  MODIFY `id` int(11) NOT NULL AUTO_INCREMENT, AUTO_INCREMENT=8;

--
-- AUTO_INCREMENT for table `supervisors`
--
ALTER TABLE `supervisors`
  MODIFY `id` bigint(20) UNSIGNED NOT NULL AUTO_INCREMENT, AUTO_INCREMENT=14;

--
-- AUTO_INCREMENT for table `tax_invoices`
--
ALTER TABLE `tax_invoices`
  MODIFY `id` int(11) NOT NULL AUTO_INCREMENT, AUTO_INCREMENT=5;

--
-- AUTO_INCREMENT for table `tax_invoice_elements`
--
ALTER TABLE `tax_invoice_elements`
  MODIFY `id` int(11) NOT NULL AUTO_INCREMENT, AUTO_INCREMENT=5;

--
-- AUTO_INCREMENT for table `tax_payments`
--
ALTER TABLE `tax_payments`
  MODIFY `id` int(11) NOT NULL AUTO_INCREMENT, AUTO_INCREMENT=9;

--
-- AUTO_INCREMENT for table `tax_returns`
--
ALTER TABLE `tax_returns`
  MODIFY `id` int(11) NOT NULL AUTO_INCREMENT, AUTO_INCREMENT=3;

--
-- Constraints for dumped tables
--

--
-- Constraints for table `employees`
--
ALTER TABLE `employees`
  ADD CONSTRAINT `branch_id_54` FOREIGN KEY (`branch_id`) REFERENCES `branches` (`id`) ON DELETE CASCADE ON UPDATE CASCADE;

--
-- Constraints for table `expenses`
--
ALTER TABLE `expenses`
  ADD CONSTRAINT `branch_id_56` FOREIGN KEY (`branch_id`) REFERENCES `branches` (`id`) ON DELETE CASCADE ON UPDATE CASCADE,
  ADD CONSTRAINT `fixed_id_56` FOREIGN KEY (`fixed_id`) REFERENCES `fixed_expenses` (`id`) ON DELETE CASCADE ON UPDATE CASCADE,
  ADD CONSTRAINT `supervisor_id_56` FOREIGN KEY (`supervisor_id`) REFERENCES `supervisors` (`id`) ON DELETE CASCADE ON UPDATE CASCADE;

--
-- Constraints for table `fixed_expenses`
--
ALTER TABLE `fixed_expenses`
  ADD CONSTRAINT `supervisor_id_55` FOREIGN KEY (`supervisor_id`) REFERENCES `supervisors` (`id`) ON DELETE CASCADE ON UPDATE CASCADE;

--
-- Constraints for table `model_has_permissions`
--
ALTER TABLE `model_has_permissions`
  ADD CONSTRAINT `model_has_permissions_permission_id_foreign` FOREIGN KEY (`permission_id`) REFERENCES `permissions` (`id`) ON DELETE CASCADE ON UPDATE CASCADE;

--
-- Constraints for table `model_has_roles`
--
ALTER TABLE `model_has_roles`
  ADD CONSTRAINT `model_has_roles_role_id_foreign` FOREIGN KEY (`role_id`) REFERENCES `roles` (`id`) ON DELETE CASCADE;

--
-- Constraints for table `purchases_invoices`
--
ALTER TABLE `purchases_invoices`
  ADD CONSTRAINT `branch_id_90` FOREIGN KEY (`branch_id`) REFERENCES `branches` (`id`) ON DELETE CASCADE ON UPDATE CASCADE,
  ADD CONSTRAINT `employee_id_90` FOREIGN KEY (`employee_id`) REFERENCES `employees` (`id`) ON DELETE CASCADE ON UPDATE CASCADE,
  ADD CONSTRAINT `supervisor_id_90` FOREIGN KEY (`supervisor_id`) REFERENCES `supervisors` (`id`) ON DELETE CASCADE ON UPDATE CASCADE;

--
-- Constraints for table `role_has_permissions`
--
ALTER TABLE `role_has_permissions`
  ADD CONSTRAINT `role_has_permissions_permission_id_foreign` FOREIGN KEY (`permission_id`) REFERENCES `permissions` (`id`) ON DELETE CASCADE,
  ADD CONSTRAINT `role_has_permissions_role_id_foreign` FOREIGN KEY (`role_id`) REFERENCES `roles` (`id`) ON DELETE CASCADE;

--
-- Constraints for table `simplified_invoices`
--
ALTER TABLE `simplified_invoices`
  ADD CONSTRAINT `branch_id_2` FOREIGN KEY (`branch_id`) REFERENCES `branches` (`id`) ON DELETE CASCADE ON UPDATE CASCADE,
  ADD CONSTRAINT `employee_id` FOREIGN KEY (`employee_id`) REFERENCES `employees` (`id`) ON DELETE CASCADE ON UPDATE CASCADE,
  ADD CONSTRAINT `supervisor_id` FOREIGN KEY (`supervisor_id`) REFERENCES `supervisors` (`id`) ON DELETE CASCADE ON UPDATE CASCADE;

--
-- Constraints for table `simplified_invoice_elements`
--
ALTER TABLE `simplified_invoice_elements`
  ADD CONSTRAINT `product_id_2` FOREIGN KEY (`product_id`) REFERENCES `products` (`id`) ON DELETE CASCADE ON UPDATE CASCADE,
  ADD CONSTRAINT `simplified_id` FOREIGN KEY (`simplified_id`) REFERENCES `simplified_invoices` (`id`) ON DELETE CASCADE ON UPDATE CASCADE;

--
-- Constraints for table `simplified_payments`
--
ALTER TABLE `simplified_payments`
  ADD CONSTRAINT `simplified_id_2` FOREIGN KEY (`simplified_id`) REFERENCES `simplified_invoices` (`id`) ON DELETE CASCADE ON UPDATE CASCADE;

--
-- Constraints for table `simplified_returns`
--
ALTER TABLE `simplified_returns`
  ADD CONSTRAINT `branch_id_9` FOREIGN KEY (`branch_id`) REFERENCES `branches` (`id`) ON DELETE CASCADE ON UPDATE CASCADE,
  ADD CONSTRAINT `employee_id_2` FOREIGN KEY (`employee_id`) REFERENCES `employees` (`id`) ON DELETE CASCADE ON UPDATE CASCADE,
  ADD CONSTRAINT `simplified_id_9` FOREIGN KEY (`simplified_id`) REFERENCES `simplified_invoices` (`id`) ON DELETE CASCADE ON UPDATE CASCADE,
  ADD CONSTRAINT `supervisor_id_9` FOREIGN KEY (`supervisor_id`) REFERENCES `supervisors` (`id`) ON DELETE CASCADE ON UPDATE CASCADE;

--
-- Constraints for table `supervisors`
--
ALTER TABLE `supervisors`
  ADD CONSTRAINT `branch_id` FOREIGN KEY (`branch_id`) REFERENCES `branches` (`id`) ON DELETE SET NULL ON UPDATE CASCADE;

--
-- Constraints for table `tax_invoices`
--
ALTER TABLE `tax_invoices`
  ADD CONSTRAINT `branch_id_22` FOREIGN KEY (`branch_id`) REFERENCES `branches` (`id`) ON DELETE CASCADE ON UPDATE CASCADE,
  ADD CONSTRAINT `employee_id_3` FOREIGN KEY (`employee_id`) REFERENCES `employees` (`id`) ON DELETE CASCADE ON UPDATE CASCADE,
  ADD CONSTRAINT `supervisor_id_22` FOREIGN KEY (`supervisor_id`) REFERENCES `supervisors` (`id`) ON DELETE CASCADE ON UPDATE CASCADE;

--
-- Constraints for table `tax_invoice_elements`
--
ALTER TABLE `tax_invoice_elements`
  ADD CONSTRAINT `product_id_22` FOREIGN KEY (`product_id`) REFERENCES `products` (`id`) ON DELETE CASCADE ON UPDATE CASCADE,
  ADD CONSTRAINT `tax_id_22` FOREIGN KEY (`tax_id`) REFERENCES `tax_invoices` (`id`) ON DELETE CASCADE ON UPDATE CASCADE;

--
-- Constraints for table `tax_payments`
--
ALTER TABLE `tax_payments`
  ADD CONSTRAINT `tax_id_23` FOREIGN KEY (`tax_id`) REFERENCES `tax_invoices` (`id`) ON DELETE CASCADE ON UPDATE CASCADE;

--
-- Constraints for table `tax_returns`
--
ALTER TABLE `tax_returns`
  ADD CONSTRAINT `branch_id_10` FOREIGN KEY (`branch_id`) REFERENCES `branches` (`id`) ON DELETE CASCADE ON UPDATE CASCADE,
  ADD CONSTRAINT `employee_id_4` FOREIGN KEY (`employee_id`) REFERENCES `employees` (`id`) ON DELETE CASCADE ON UPDATE CASCADE,
  ADD CONSTRAINT `supervisor_id_10` FOREIGN KEY (`supervisor_id`) REFERENCES `supervisors` (`id`) ON DELETE CASCADE ON UPDATE CASCADE,
  ADD CONSTRAINT `tax_id_10` FOREIGN KEY (`tax_id`) REFERENCES `tax_invoices` (`id`) ON DELETE CASCADE ON UPDATE CASCADE;
COMMIT;

/*!40101 SET CHARACTER_SET_CLIENT=@OLD_CHARACTER_SET_CLIENT */;
/*!40101 SET CHARACTER_SET_RESULTS=@OLD_CHARACTER_SET_RESULTS */;
/*!40101 SET COLLATION_CONNECTION=@OLD_COLLATION_CONNECTION */;
